mmsi,speed,course,nav_status,rot,pos_accuracy,raim,heading,timestamp,timestamp_external,latitude,longitude,port_call_id,port_call_timestamp,vessel_name,vessel_type_code,imo,nationality,port_to_visit,prev_port,next_port,eta,etd,ata,atd,berth_name,port_area_name,arrival_draught,departure_draught,crew_count,passenger_count,site_number,site_name,site_type,last_update,sea_state,trend,wind_wave_dir,confidence,heel_angle,light_status,temperature
212385000,0.0,247.4,5,0,False,False,321,3,1739349242486,60.01486,23.927773,3215522,2025-02-12T07:09:36.000+00:00,Swe-Carrier,70,9194048,CY,FIINK,LVRIX,SEIGG,2025-02-09T09:30:00.000+00:00,2025-02-12T13:00:00.000+00:00,2025-02-09T09:20:00.000+00:00,,Laituripaikka 5,Inkoo Shipping,0.0,0.0,8.0,,11639,Hankon.p.alem,FIXED,2025-02-12T08:00:46Z,,,,GOOD,,OFF,3
245433000,12.6,176.3,0,0,False,False,175,1,1550372406911,59.538435,20.086413,3216309,2025-02-12T07:13:29.000+00:00,Amisia,70,9361378,CY,FIKTK,PLSZZ,PLSZZ,2025-02-10T21:00:00.000+00:00,2025-02-12T07:00:00.000+00:00,2025-02-10T20:10:00.000+00:00,2025-02-12T07:00:00.000+00:00,MUSB4,MUSSALO (KONTTI),0.0,0.0,8.0,,20249,Koivisto,FLOATING,2025-02-12T08:31:30Z,LIGHT,ASCENDING,283.0,GOOD,8.4,OFF,-2
255804760,0.1,170.0,1,8,True,False,261,38,1739349162284,60.191568,26.35534,3212460,2025-02-12T06:41:40.000+00:00,BG Blue,50,9964625,PT,FIKTK,LVRIX,NLRTM,2025-02-13T12:17:00.000+00:00,2025-02-14T20:17:00.000+00:00,,,MUSC?,MUSSALO (KONTTI),0.0,0.0,14.0,,11639,Hankon.p.alem,FIXED,2025-02-12T08:00:46Z,,,,GOOD,,OFF,3
255804760,0.1,170.0,1,8,True,False,261,38,1739349162284,60.191568,26.35534,3217065,2025-02-12T06:41:31.000+00:00,BG Blue,50,9964625,PT,FIANK,LVRIX,FIKTK,2025-02-09T09:00:00.000+00:00,2025-02-13T08:17:00.000+00:00,2025-02-09T08:48:00.000+00:00,,Ei tiedossa,Ei tiedossa,0.0,0.0,14.0,,11639,Hankon.p.alem,FIXED,2025-02-12T08:00:46Z,,,,GOOD,,OFF,3
255806291,0.0,304.4,5,0,True,True,31,23,1739349143908,59.526695,26.545635,3215002,2025-02-11T19:30:16.000+00:00,Lappland,70,9505132,PT,FIKTK,SEMON,EEKND,2025-02-07T19:00:00.000+00:00,2025-02-11T13:00:00.000+00:00,2025-02-07T17:00:00.000+00:00,2025-02-11T18:30:00.000+00:00,KANI3,KANTASATAMA,0.0,0.0,10.0,,11639,Hankon.p.alem,FIXED,2025-02-12T08:00:46Z,,,,GOOD,,OFF,3
304585000,0.0,341.9,5,0,True,False,341,19,1739349200918,60.48181,26.97505,3216087,2025-02-11T17:06:05.000+00:00,Ina Lehmann,70,9805427,AG,FIKTK,SEKLI,EEPRN,2025-02-11T09:15:00.000+00:00,2025-02-12T12:00:00.000+00:00,2025-02-11T09:00:00.000+00:00,,HALU2,HALLA,0.0,0.0,7.0,0.0,11639,Hankon.p.alem,FIXED,2025-02-12T08:00:46Z,,,,GOOD,,OFF,3
210028000,18.0,72.3,0,0,False,False,73,7,1739349248355,59.621628,23.837503,3212375,2025-02-12T06:04:51.000+00:00,Containerships Borealis,50,9866249,CY,FIHEL,NLRTM,EETLL,2025-02-12T13:00:00.000+00:00,2025-02-13T13:00:00.000+00:00,,,VDC,Vuosaaren satama,0.0,0.0,16.0,,11639,Hankon.p.alem,FIXED,2025-02-12T08:00:46Z,,,,GOOD,,OFF,3
276859000,21.4,341.0,0,0,True,False,340,8,1739349248148,59.520002,24.742662,3208501,2025-02-11T12:36:07.000+00:00,MyStar,20,9892690,EE,FIHEL,EETLL,EETLL,2025-02-07T19:30:00.000+00:00,2025-02-07T20:30:00.000+00:00,2025-02-07T19:32:00.000+00:00,2025-02-07T20:15:00.000+00:00,Jätkän laituripaikka 7,Länsisatama,0.0,0.0,190.0,453.0,11639,Hankon.p.alem,FIXED,2025-02-12T08:00:46Z,,,,GOOD,,OFF,3
276859000,21.4,341.0,0,0,True,False,340,8,1739349248148,59.520002,24.742662,3210857,2025-02-11T12:30:05.000+00:00,MyStar,20,9892690,EE,FIHEL,EETLL,EETLL,2025-02-11T10:30:00.000+00:00,2025-02-11T11:30:00.000+00:00,2025-02-11T10:30:00.000+00:00,2025-02-11T11:15:00.000+00:00,Jätkän laituripaikka 7,Länsisatama,0.0,0.0,184.0,369.0,11639,Hankon.p.alem,FIXED,2025-02-12T08:00:46Z,,,,GOOD,,OFF,3
276859000,21.4,341.0,0,0,True,False,340,8,1739349248148,59.520002,24.742662,3210863,2025-02-11T18:30:03.000+00:00,MyStar,20,9892690,EE,FIHEL,EETLL,EETLL,2025-02-11T16:30:00.000+00:00,2025-02-11T17:30:00.000+00:00,2025-02-11T16:33:00.000+00:00,2025-02-11T17:14:00.000+00:00,Jätkän laituripaikka 7,Länsisatama,0.0,0.0,182.0,280.0,11639,Hankon.p.alem,FIXED,2025-02-12T08:00:46Z,,,,GOOD,,OFF,3
276859000,21.4,341.0,0,0,True,False,340,8,1739349248148,59.520002,24.742662,3210875,2025-02-12T06:30:05.000+00:00,MyStar,20,9892690,EE,FIHEL,EETLL,EETLL,2025-02-11T22:30:00.000+00:00,2025-02-12T05:30:00.000+00:00,2025-02-11T22:40:00.000+00:00,2025-02-12T05:15:00.000+00:00,Jätkän laituripaikka 7,Länsisatama,0.0,0.0,177.0,122.0,11639,Hankon.p.alem,FIXED,2025-02-12T08:00:46Z,,,,GOOD,,OFF,3
255806303,11.6,12.0,0,-128,False,False,511,11,1739349250920,62.846168,20.123155,3214823,2025-02-11T10:04:52.000+00:00,Annette Essberger,83,9327059,PT,FIPRS,DESTA,FIPRS,2025-02-12T18:00:00.000+00:00,2025-02-13T18:00:00.000+00:00,,,Laukko II,ALHOLMEN,0.0,0.0,15.0,,8659,Kelloniemi_2,FLOATING,2022-04-17T17:31:39Z,CALM,NO_CHANGE,187.0,GOOD,2.9,OFF,10
230705000,11.9,194.4,0,23,True,False,197,9,1739349251305,60.14809,24.999313,3212572,2025-02-11T09:30:04.000+00:00,Viking XPRS,20,9375654,FI,FIHEL,EETLL,EETLL,2025-02-11T07:30:00.000+00:00,2025-02-11T08:30:00.000+00:00,2025-02-11T07:35:00.000+00:00,2025-02-11T08:30:00.000+00:00,NOKKA 4,Eteläsatama,0.0,0.0,114.0,318.0,11639,Hankon.p.alem,FIXED,2025-02-12T08:00:46Z,,,,GOOD,,OFF,3
230705000,11.9,194.4,0,23,True,False,197,9,1739349251305,60.14809,24.999313,3212573,2025-02-12T08:30:04.000+00:00,Viking XPRS,20,9375654,FI,FIHEL,EETLL,EETLL,2025-02-12T07:30:00.000+00:00,2025-02-12T08:30:00.000+00:00,2025-02-12T07:30:00.000+00:00,,NOKKA 4,Eteläsatama,0.0,0.0,116.0,314.0,11639,Hankon.p.alem,FIXED,2025-02-12T08:00:46Z,,,,GOOD,,OFF,3
230705000,11.9,194.4,0,23,True,False,197,9,1739349251305,60.14809,24.999313,3212591,2025-02-11T19:30:04.000+00:00,Viking XPRS,20,9375654,FI,FIHEL,EETLL,EETLL,2025-02-11T17:30:00.000+00:00,2025-02-11T18:30:00.000+00:00,2025-02-11T17:35:00.000+00:00,2025-02-11T18:30:00.000+00:00,NOKKA 4,Eteläsatama,0.0,0.0,117.0,267.0,11639,Hankon.p.alem,FIXED,2025-02-12T08:00:46Z,,,,GOOD,,OFF,3
230040000,13.6,158.3,0,-7,True,False,158,3,1739349243607,63.32666,20.718368,3217424,2025-02-11T13:26:40.000+00:00,Aurora Botnia,20,9878319,FI,FIVAA,SEHLD,SEHLD,2025-02-11T11:00:00.000+00:00,2025-02-11T11:45:00.000+00:00,2025-02-11T11:00:00.000+00:00,2025-02-11T11:45:00.000+00:00,Ro-Ro 2,Ro-Ro 2,0.0,0.0,44.0,204.0,8659,Kelloniemi_2,FLOATING,2022-04-17T17:31:39Z,CALM,NO_CHANGE,187.0,GOOD,2.9,OFF,10
230040000,13.6,158.3,0,-7,True,False,158,3,1739349243607,63.32666,20.718368,3217439,2025-02-11T22:18:16.000+00:00,Aurora Botnia,20,9878319,FI,FIVAA,SEHLD,SEHLD,2025-02-11T21:00:00.000+00:00,2025-02-11T21:45:00.000+00:00,2025-02-11T21:00:00.000+00:00,2025-02-11T21:56:00.000+00:00,Ro-Ro 2,Ro-Ro 2,0.0,0.0,45.0,124.0,8659,Kelloniemi_2,FLOATING,2022-04-17T17:31:39Z,CALM,NO_CHANGE,187.0,GOOD,2.9,OFF,10
230040000,13.6,158.3,0,-7,True,False,158,3,1739349243607,63.32666,20.718368,3217591,2025-02-11T13:28:21.000+00:00,Aurora Botnia,20,9878319,FI,FIVAA,SEHLD,SEHLD,2025-02-12T11:00:00.000+00:00,2025-02-12T12:30:00.000+00:00,,,Ro-Ro 2,Ro-Ro 2,0.0,0.0,46.0,,8659,Kelloniemi_2,FLOATING,2022-04-17T17:31:39Z,CALM,NO_CHANGE,187.0,GOOD,2.9,OFF,10
230040000,13.6,158.3,0,-7,True,False,158,3,1739349243607,63.32666,20.718368,3217592,2025-02-12T06:52:51.000+00:00,Aurora Botnia,20,9878319,FI,FIVAA,SEHLD,SEHLD,2025-02-12T21:59:00.000+00:00,2025-02-13T06:00:00.000+00:00,,,Ro-Ro 2,Ro-Ro 2,0.0,0.0,44.0,37.0,8659,Kelloniemi_2,FLOATING,2022-04-17T17:31:39Z,CALM,NO_CHANGE,187.0,GOOD,2.9,OFF,10
255619000,11.0,13.7,0,0,False,False,13,3,1739349242789,62.50055,20.036863,3217527,2025-02-12T07:46:19.000+00:00,Österbotten,70,9247120,PT,FIPRS,SEHAN,FIKRS,2025-02-13T12:00:00.000+00:00,2025-02-14T16:00:00.000+00:00,,,Laukko III,ALHOLMEN,6.33,4.5,9.0,,8659,Kelloniemi_2,FLOATING,2022-04-17T17:31:39Z,CALM,NO_CHANGE,187.0,GOOD,2.9,OFF,10
244750716,0.2,272.0,1,0,True,False,336,35,1739346514988,64.665167,21.533167,3208243,2025-02-11T19:30:19.000+00:00,Exeborg,60,9650482,NL,FIKOK,ESHUV,LVRIX,2025-01-21T04:00:00.000+00:00,2025-01-24T18:00:00.000+00:00,2025-01-21T06:15:00.000+00:00,2025-01-24T19:00:00.000+00:00,Syvälaituri 9,SYVÄSATAMA,0.0,0.0,11.0,,8659,Kelloniemi_2,FLOATING,2022-04-17T17:31:39Z,CALM,NO_CHANGE,187.0,GOOD,2.9,OFF,10
246521000,10.6,108.2,0,0,True,False,111,5,1739349245132,59.73819,20.360777,3213144,2025-02-11T21:27:46.000+00:00,Timca,40,9307358,NL,FIRAU,FIHKO,BEANR,2025-02-11T05:00:00.000+00:00,2025-02-11T18:30:00.000+00:00,2025-02-11T04:55:00.000+00:00,2025-02-11T20:30:00.000+00:00,Ro-Ro 5,Iso-Hakuni,0.0,0.0,20.0,3.0,20249,Koivisto,FLOATING,2025-02-12T08:31:30Z,LIGHT,ASCENDING,283.0,GOOD,8.4,OFF,-2
246521000,10.6,108.2,0,0,True,False,111,5,1739349245132,59.73819,20.360777,3217543,2025-02-12T06:11:58.000+00:00,Timca,40,9307358,NL,FIHKO,FIRAU,BEANR,2025-02-12T16:30:00.000+00:00,2025-02-13T13:30:00.000+00:00,,,Roro 1,LÄNSISATAMA,0.0,0.0,20.0,3.0,20249,Koivisto,FLOATING,2025-02-12T08:31:30Z,LIGHT,ASCENDING,283.0,GOOD,8.4,OFF,-2
235000940,0.0,282.1,5,0,False,False,202,47,1630949566833,59.525168,26.545025,3217078,2025-02-12T06:17:15.000+00:00,Tornedalen,70,9190808,PT,FIKTK,EEKND,LVSKU,2025-02-12T04:00:00.000+00:00,2025-02-13T10:00:00.000+00:00,2025-02-12T04:50:00.000+00:00,,PK3,Palokangas,0.0,0.0,10.0,,11639,Hankon.p.alem,FIXED,2025-02-12T08:00:46Z,,,,GOOD,,OFF,3
244830834,0.0,48.3,5,0,False,False,299,11,1739349192131,63.861773,23.037788,3217098,2025-02-12T08:31:25.000+00:00,Zijlborg,70,9229075,NL,FIKOK,FIUKI,DERSK,2025-02-11T11:00:00.000+00:00,2025-02-12T21:59:00.000+00:00,2025-02-11T11:55:00.000+00:00,,Syvälaituri 8,SYVÄSATAMA,0.0,0.0,0.0,,8659,Kelloniemi_2,FLOATING,2022-04-17T17:31:39Z,CALM,NO_CHANGE,187.0,GOOD,2.9,OFF,10
244003000,0.0,1.2,5,0,False,False,358,6,1739349246606,63.716813,22.690658,3217059,2025-02-12T07:43:28.000+00:00,Lady Christina,70,9201815,NL,FIPRS,LVVNT,FIRAU,2025-02-11T03:30:00.000+00:00,2025-02-13T11:00:00.000+00:00,2025-02-11T03:50:00.000+00:00,,Laukko II,ALHOLMEN,6.0,5.0,0.0,,8659,Kelloniemi_2,FLOATING,2022-04-17T17:31:39Z,CALM,NO_CHANGE,187.0,GOOD,2.9,OFF,10
230202000,0.2,81.1,0,0,True,False,166,5,1739349245757,64.656753,24.407552,3217425,2025-02-12T07:15:47.000+00:00,Steel,94,8503503,FI,FIRAA,SELLA,SELLA,2025-02-12T06:45:00.000+00:00,2025-02-12T19:00:00.000+00:00,2025-02-12T07:10:00.000+00:00,,Rautaruukki laituri 1,Rautaruukki,0.0,0.0,11.0,0.0,8659,Kelloniemi_2,FLOATING,2022-04-17T17:31:39Z,CALM,NO_CHANGE,187.0,GOOD,2.9,OFF,10
538007841,15.2,256.3,0,0,True,False,256,56,1739349249542,59.731955,24.03819,3214825,2025-02-12T05:23:17.000+00:00,Eco Freeze,82,9755658,MH,FISKV,SESTE,SESTE,2025-02-11T08:30:00.000+00:00,2025-02-12T01:00:00.000+00:00,2025-02-11T07:42:00.000+00:00,2025-02-12T03:09:00.000+00:00,Öljylaituri,Öljylaituri,0.0,0.0,21.0,0.0,11639,Hankon.p.alem,FIXED,2025-02-12T08:00:46Z,,,,GOOD,,OFF,3
247386800,0.0,0.0,5,10,True,True,197,0,1739348940981,60.438497,22.212938,3214002,2025-02-12T07:10:34.000+00:00,ML Freyja,40,9799977,IT,FITKU,EEPLS,DEBRV,2025-02-12T04:30:00.000+00:00,2025-02-12T13:00:00.000+00:00,2025-02-12T04:15:00.000+00:00,,west38 peräportti,Länsisatama,0.0,0.0,24.0,,20245,Nuhja,FLOATING,2025-02-12T08:31:36Z,CALM,NO_CHANGE,302.0,GOOD,7.7,OFF,-1
257037270,11.9,346.0,0,0,True,True,346,2,1739349243174,64.790247,21.88246,3212505,2025-02-11T09:13:04.000+00:00,Ek-Stream,80,9808261,NO,FISKV,NLRTM,SEPIT,2025-02-08T21:17:00.000+00:00,2025-02-10T10:00:00.000+00:00,2025-02-08T22:20:00.000+00:00,2025-02-10T10:40:00.000+00:00,Öljylaituri,Öljylaituri,0.0,0.0,18.0,0.0,8659,Kelloniemi_2,FLOATING,2022-04-17T17:31:39Z,CALM,NO_CHANGE,187.0,GOOD,2.9,OFF,10
257037270,11.9,346.0,0,0,True,True,346,2,1739349243174,64.790247,21.88246,3216011,2025-02-11T09:11:48.000+00:00,Ek-Stream,80,9808261,NO,FIKEM,SEPIT,FISKV,2025-02-13T17:00:00.000+00:00,2025-02-14T04:00:00.000+00:00,,,LAITURI 1,Öljysatama,0.0,0.0,1.0,,8659,Kelloniemi_2,FLOATING,2022-04-17T17:31:39Z,CALM,NO_CHANGE,187.0,GOOD,2.9,OFF,10
246457000,0.0,316.8,5,0,True,False,44,25,1739349207844,60.282787,22.290068,3215022,2025-02-11T12:15:07.000+00:00,Westborg,70,9196187,NL,FIINK,SESUS,FIPAR,2025-02-09T16:30:00.000+00:00,2025-02-11T13:00:00.000+00:00,2025-02-09T15:50:00.000+00:00,2025-02-11T12:15:00.000+00:00,Laituripaikka 3,Inkoo Shipping,0.0,0.0,8.0,,11337,Hankon.p.ylem,FIXED,2025-02-12T08:00:52Z,,,,GOOD,,OFF,3
246457000,0.0,316.8,5,0,True,False,44,25,1739349207844,60.282787,22.290068,3215959,2025-02-12T06:42:15.000+00:00,Westborg,70,9196187,NL,FIPAR,FIINK,LVRIX,2025-02-11T22:01:00.000+00:00,2025-02-12T17:00:00.000+00:00,2025-02-11T22:45:00.000+00:00,,Maalaituri 1,Sementtisatama,0.0,0.0,8.0,,11337,Hankon.p.ylem,FIXED,2025-02-12T08:00:52Z,,,,GOOD,,OFF,3
246457000,0.0,316.8,5,0,True,False,44,25,1739349207844,60.282787,22.290068,3217773,2025-02-12T07:56:09.000+00:00,Westborg,70,9196187,NL,FIPAR,SESUS,EEMUG,2025-02-16T15:00:00.000+00:00,2025-02-18T17:00:00.000+00:00,,,Maalaituri 1,Sementtisatama,0.0,0.0,8.0,,11337,Hankon.p.ylem,FIXED,2025-02-12T08:00:52Z,,,,GOOD,,OFF,3
236622000,6.3,252.6,0,0,True,False,255,5,1739349246380,59.639042,23.522835,3215867,2025-02-12T07:20:51.000+00:00,Constance,70,9505338,GI,FIHEL,ITGAE,LTKLJ,2025-02-10T16:00:00.000+00:00,2025-02-11T21:00:00.000+00:00,2025-02-10T20:10:00.000+00:00,2025-02-11T21:00:00.000+00:00,Vinolaituri,Loviisa,0.0,0.0,8.0,,11639,Hankon.p.alem,FIXED,2025-02-12T08:00:46Z,,,,GOOD,,OFF,3
230628000,22.5,160.4,0,-7,True,False,160,9,1739349250872,59.597163,24.666598,3197607,2025-02-11T14:30:04.000+00:00,Finlandia,20,9214379,FI,FIHEL,EETLL,EETLL,2025-02-11T12:15:00.000+00:00,2025-02-11T13:15:00.000+00:00,2025-02-11T12:25:00.000+00:00,2025-02-11T13:10:00.000+00:00,Jätkän laituripaikka 8,Länsisatama,6.8,6.8,131.0,440.0,11639,Hankon.p.alem,FIXED,2025-02-12T08:00:46Z,,,,GOOD,,OFF,3
230628000,22.5,160.4,0,-7,True,False,160,9,1739349250872,59.597163,24.666598,3197637,2025-02-11T21:00:05.000+00:00,Finlandia,20,9214379,FI,FIHEL,EETLL,EETLL,2025-02-11T19:00:00.000+00:00,2025-02-11T19:40:00.000+00:00,2025-02-11T18:55:00.000+00:00,2025-02-11T19:50:00.000+00:00,Jätkän laituripaikka 8,Länsisatama,6.8,6.8,134.0,653.0,11639,Hankon.p.alem,FIXED,2025-02-12T08:00:46Z,,,,GOOD,,OFF,3
230628000,22.5,160.4,0,-7,True,False,160,9,1739349250872,59.597163,24.666598,3197662,2025-02-12T08:00:05.000+00:00,Finlandia,20,9214379,FI,FIHEL,EETLL,EETLL,2025-02-12T06:15:00.000+00:00,2025-02-12T07:00:00.000+00:00,2025-02-12T06:15:00.000+00:00,2025-02-12T06:55:00.000+00:00,Jätkän laituripaikka 8,Länsisatama,6.8,6.8,123.0,161.0,11639,Hankon.p.alem,FIXED,2025-02-12T08:00:46Z,,,,GOOD,,OFF,3
255805917,0.0,71.3,5,0,False,False,68,43,1739349102826,61.600257,21.468627,3214903,2025-02-12T08:28:37.000+00:00,Ocean Carrier,70,9349435,PT,FIPOR,FIKTK,MACAS,2025-02-12T06:30:00.000+00:00,2025-02-14T21:00:00.000+00:00,2025-02-12T07:12:00.000+00:00,,Kallonlahti 1,MÄNTYLUOTO,0.0,0.0,11.0,,81731,Rauma_1,FLOATING,2022-11-01T15:01:57Z,LIGHT,NO_CHANGE,332.0,GOOD,13.5,OFF,18
245086000,0.0,268.0,5,0,False,False,268,42,1739349223475,61.13153,21.432875,3211498,2025-02-12T07:05:16.000+00:00,Tide Navigator,70,9526083,NL,FIRAU,FIINK,FIKEM,2025-02-12T03:00:00.000+00:00,2025-02-12T12:00:00.000+00:00,,2025-02-12T03:25:00.000+00:00,P1,"Petäjäs, Bulksatama",0.0,0.0,10.0,,84482,Rihtniemi_aalto,FLOATING,2025-02-12T08:31:33Z,BREEZE,ASCENDING,355.0,GOOD,4.4,OFF,1
276779000,2.1,195.9,0,0,True,False,30,6,1739349249053,59.445905,24.773577,3217674,2025-02-11T22:48:59.000+00:00,Baltic Queen,20,9443255,EE,FIMHQ,SESTO,EETLL,2025-02-11T22:50:00.000+00:00,2025-02-11T23:00:00.000+00:00,2025-02-11T22:40:00.000+00:00,2025-02-11T22:45:00.000+00:00,Västra Hamnen,Ei tiedossa,0.0,0.0,196.0,422.0,11639,Hankon.p.alem,FIXED,2025-02-12T08:00:46Z,,,,GOOD,,OFF,3
230617000,19.1,143.6,0,-9,True,False,144,12,1739349251306,59.749913,23.035733,3198905,2025-02-11T21:29:10.000+00:00,Finnbreeze,40,9468889,FI,FIHEL,DETRV,FIHKO,2025-02-10T04:45:00.000+00:00,2025-02-11T19:00:00.000+00:00,2025-02-10T04:49:00.000+00:00,2025-02-11T19:03:00.000+00:00,VF3,Vuosaaren satama,0.0,0.0,17.0,,11639,Hankon.p.alem,FIXED,2025-02-12T08:00:46Z,,,,GOOD,,OFF,3
230617000,19.1,143.6,0,-9,True,False,144,12,1739349251306,59.749913,23.035733,3199058,2025-02-12T05:45:06.000+00:00,Finnbreeze,40,9468889,FI,FIHKO,FIHEL,DETRV,2025-02-12T04:00:00.000+00:00,2025-02-12T08:00:00.000+00:00,2025-02-12T03:39:00.000+00:00,,Roro 3,LÄNSISATAMA,0.0,0.0,17.0,1.0,11639,Hankon.p.alem,FIXED,2025-02-12T08:00:46Z,,,,GOOD,,OFF,3
255806452,0.0,310.9,5,15,False,False,319,14,1739349133773,60.421837,26.908907,3215598,2025-02-12T05:31:40.000+00:00,Nordic Istria,50,9474383,PT,FIKTK,PLGDN,FIHEL,2025-02-12T03:45:00.000+00:00,2025-02-12T21:00:00.000+00:00,2025-02-12T03:55:00.000+00:00,,MUSC2,MUSSALO (KONTTI),0.0,0.0,16.0,,11639,Hankon.p.alem,FIXED,2025-02-12T08:00:46Z,,,,GOOD,,OFF,3
255806452,0.0,310.9,5,15,False,False,319,14,1739349133773,60.421837,26.908907,3215642,2025-02-12T08:11:07.000+00:00,Nordic Istria,50,9474383,PT,FIHEL,FIKTK,PLGDN,2025-02-13T08:17:00.000+00:00,2025-02-14T08:00:00.000+00:00,,,VDA,Vuosaaren satama,0.0,0.0,16.0,,11639,Hankon.p.alem,FIXED,2025-02-12T08:00:46Z,,,,GOOD,,OFF,3
255806452,0.0,310.9,5,15,False,False,319,14,1739349133773,60.421837,26.908907,3217569,2025-02-11T10:46:11.000+00:00,Nordic Istria,50,9474383,PT,FIKTK,PLGDN,FIHEL,2025-02-19T12:00:00.000+00:00,2025-02-20T20:00:00.000+00:00,,,MUSC?,MUSSALO (KONTTI),0.0,0.0,0.0,,11639,Hankon.p.alem,FIXED,2025-02-12T08:00:46Z,,,,GOOD,,OFF,3
255806452,0.0,310.9,5,15,False,False,319,14,1739349133773,60.421837,26.908907,3217570,2025-02-11T10:47:28.000+00:00,Nordic Istria,50,9474383,PT,FIHEL,FIKTK,PLGDN,2025-02-21T04:00:00.000+00:00,2025-02-21T21:00:00.000+00:00,,,VD4,Vuosaaren satama,0.0,0.0,0.0,,11639,Hankon.p.alem,FIXED,2025-02-12T08:00:46Z,,,,GOOD,,OFF,3
230713000,0.0,303.5,5,0,True,False,304,20,1739349200870,60.164808,24.963497,3196034,2025-02-12T08:12:22.000+00:00,Viking Cinderella,20,8719188,FI,FIHEL,FIMHQ,FIMHQ,2025-02-12T08:10:00.000+00:00,2025-02-12T15:15:00.000+00:00,2025-02-12T08:10:00.000+00:00,,NOKKA 3,Eteläsatama,0.0,0.0,0.0,0.0,11639,Hankon.p.alem,FIXED,2025-02-12T08:00:46Z,,,,GOOD,,OFF,3
230713000,0.0,303.5,5,0,True,False,304,20,1739349200870,60.164808,24.963497,3209322,2025-02-11T21:22:52.000+00:00,Viking Cinderella,20,8719188,FI,FIMHQ,SESTO,FIHEL,2025-02-11T21:20:00.000+00:00,2025-02-11T21:25:00.000+00:00,2025-02-11T21:11:00.000+00:00,2025-02-11T21:19:00.000+00:00,Västra Hamnen,Ei tiedossa,0.0,0.0,156.0,554.0,11639,Hankon.p.alem,FIXED,2025-02-12T08:00:46Z,,,,GOOD,,OFF,3
230713000,0.0,303.5,5,0,True,False,304,20,1739349200870,60.164808,24.963497,3217612,2025-02-11T14:10:33.000+00:00,Viking Cinderella,20,8719188,FI,FIMHQ,FIHEL,SESTO,2025-03-05T02:25:00.000+00:00,2025-03-05T02:30:00.000+00:00,,,Västra Hamnen,Ei tiedossa,0.0,0.0,0.0,,11639,Hankon.p.alem,FIXED,2025-02-12T08:00:46Z,,,,GOOD,,OFF,3
230713000,0.0,303.5,5,0,True,False,304,20,1739349200870,60.164808,24.963497,3217619,2025-02-11T14:10:33.000+00:00,Viking Cinderella,20,8719188,FI,FIMHQ,FIHEL,SESTO,2025-03-07T02:25:00.000+00:00,2025-03-07T02:30:00.000+00:00,,,Västra Hamnen,Ei tiedossa,0.0,0.0,0.0,0.0,11639,Hankon.p.alem,FIXED,2025-02-12T08:00:46Z,,,,GOOD,,OFF,3
230713000,0.0,303.5,5,0,True,False,304,20,1739349200870,60.164808,24.963497,3217620,2025-02-11T14:10:33.000+00:00,Viking Cinderella,20,8719188,FI,FIMHQ,FIHEL,SESTO,2025-03-09T02:25:00.000+00:00,2025-03-09T02:30:00.000+00:00,,,Västra Hamnen,Ei tiedossa,0.0,0.0,0.0,0.0,11639,Hankon.p.alem,FIXED,2025-02-12T08:00:46Z,,,,GOOD,,OFF,3
230713000,0.0,303.5,5,0,True,False,304,20,1739349200870,60.164808,24.963497,3217650,2025-02-11T14:36:55.000+00:00,Viking Cinderella,20,8719188,FI,FIMHQ,SESTO,FIHEL,2025-03-05T21:20:00.000+00:00,2025-03-05T21:25:00.000+00:00,,,Västra Hamnen,Ei tiedossa,0.0,0.0,0.0,,11639,Hankon.p.alem,FIXED,2025-02-12T08:00:46Z,,,,GOOD,,OFF,3
230713000,0.0,303.5,5,0,True,False,304,20,1739349200870,60.164808,24.963497,3217651,2025-02-11T14:36:56.000+00:00,Viking Cinderella,20,8719188,FI,FIMHQ,SESTO,FIHEL,2025-03-07T21:20:00.000+00:00,2025-03-07T21:25:00.000+00:00,,,Västra Hamnen,Ei tiedossa,0.0,0.0,0.0,0.0,11639,Hankon.p.alem,FIXED,2025-02-12T08:00:46Z,,,,GOOD,,OFF,3
230713000,0.0,303.5,5,0,True,False,304,20,1739349200870,60.164808,24.963497,3217652,2025-02-11T14:36:56.000+00:00,Viking Cinderella,20,8719188,FI,FIMHQ,SESTO,FIHEL,2025-03-09T21:20:00.000+00:00,2025-03-09T21:25:00.000+00:00,,,Västra Hamnen,Ei tiedossa,0.0,0.0,0.0,0.0,11639,Hankon.p.alem,FIXED,2025-02-12T08:00:46Z,,,,GOOD,,OFF,3
230025450,0.0,189.7,5,0,False,False,180,31,1739349151038,60.43935,22.2192,3217438,2025-02-11T12:55:33.000+00:00,Jacob,91,7800485,FI,FITKU,FIHEL,FITKU,2025-02-11T10:00:00.000+00:00,,2025-02-11T11:10:00.000+00:00,,Ei käytössä,Länsisatama,4.3,4.3,0.0,,20245,Nuhja,FLOATING,2025-02-12T08:31:36Z,CALM,NO_CHANGE,302.0,GOOD,7.7,OFF,-1
316015060,0.0,291.9,5,0,True,False,198,40,1739349101912,60.305372,25.551882,3216001,2025-02-12T05:39:56.000+00:00,Gaia Desgagnes,80,9739800,CA,FISKV,DEWHV,DEWHV,2025-02-11T15:17:00.000+00:00,2025-02-12T12:00:00.000+00:00,2025-02-11T14:30:00.000+00:00,,Öljylaituri,Öljylaituri,0.0,0.0,17.0,,11639,Hankon.p.alem,FIXED,2025-02-12T08:00:46Z,,,,GOOD,,OFF,3
210173000,0.1,343.0,5,0,True,False,108,20,1739349201400,63.843628,23.020402,3213998,2025-02-11T19:45:06.000+00:00,Helena VG,70,9505326,CY,FIKOK,SEHEL,SELAA,2025-02-09T20:00:00.000+00:00,2025-02-12T11:00:00.000+00:00,2025-02-09T19:35:00.000+00:00,,Kantasataman laituri 2,KANTASATAMA,0.0,0.0,0.0,,8659,Kelloniemi_2,FLOATING,2022-04-17T17:31:39Z,CALM,NO_CHANGE,187.0,GOOD,2.9,OFF,10
230041000,16.1,250.8,0,-14,True,False,249,10,1739349251633,60.178257,21.44875,3190963,2025-02-12T06:11:12.000+00:00,Viking Glory,20,9827877,FI,FITKU,FILAN,FIMHQ,2025-02-12T05:35:00.000+00:00,2025-02-12T06:45:00.000+00:00,2025-02-12T05:35:00.000+00:00,,viking1,Matkustajasatama,0.0,0.0,0.0,0.0,20244,Talla,FLOATING,2025-02-12T08:31:51Z,LIGHT,NO_CHANGE,298.0,GOOD,2.7,OFF,-1
230041000,16.1,250.8,0,-14,True,False,249,10,1739349251633,60.178257,21.44875,3209277,2025-02-12T01:17:56.000+00:00,Viking Glory,20,9827877,FI,FILAN,SESTO,FITKU,2025-02-12T01:15:00.000+00:00,2025-02-12T01:20:00.000+00:00,2025-02-12T01:15:00.000+00:00,2025-02-12T01:17:00.000+00:00,Ei tiedossa,Ei tiedossa,0.0,0.0,176.0,425.0,20244,Talla,FLOATING,2025-02-12T08:31:51Z,LIGHT,NO_CHANGE,298.0,GOOD,2.7,OFF,-1
230041000,16.1,250.8,0,-14,True,False,249,10,1739349251633,60.178257,21.44875,3209307,2025-02-11T12:41:16.000+00:00,Viking Glory,20,9827877,FI,FIMHQ,FITKU,SESTO,2025-02-11T12:10:00.000+00:00,2025-02-11T12:25:00.000+00:00,2025-02-11T12:10:00.000+00:00,2025-02-11T12:18:00.000+00:00,Västra Hamnen,Ei tiedossa,0.0,0.0,176.0,261.0,20244,Talla,FLOATING,2025-02-12T08:31:51Z,LIGHT,NO_CHANGE,298.0,GOOD,2.7,OFF,-1
230041000,16.1,250.8,0,-14,True,False,249,10,1739349251633,60.178257,21.44875,3217601,2025-02-11T13:58:56.000+00:00,Viking Glory,20,9827877,FI,FILAN,SESTO,FITKU,2025-03-04T01:15:00.000+00:00,2025-03-04T01:20:00.000+00:00,,,Ei tiedossa,Ei tiedossa,0.0,0.0,0.0,,20244,Talla,FLOATING,2025-02-12T08:31:51Z,LIGHT,NO_CHANGE,298.0,GOOD,2.7,OFF,-1
230041000,16.1,250.8,0,-14,True,False,249,10,1739349251633,60.178257,21.44875,3217602,2025-02-11T13:58:56.000+00:00,Viking Glory,20,9827877,FI,FILAN,SESTO,FITKU,2025-03-05T01:15:00.000+00:00,2025-03-05T01:20:00.000+00:00,,,Ei tiedossa,Ei tiedossa,0.0,0.0,0.0,0.0,20244,Talla,FLOATING,2025-02-12T08:31:51Z,LIGHT,NO_CHANGE,298.0,GOOD,2.7,OFF,-1
230041000,16.1,250.8,0,-14,True,False,249,10,1739349251633,60.178257,21.44875,3217603,2025-02-11T13:58:57.000+00:00,Viking Glory,20,9827877,FI,FILAN,SESTO,FITKU,2025-03-06T01:15:00.000+00:00,2025-03-06T01:20:00.000+00:00,,,Ei tiedossa,Ei tiedossa,0.0,0.0,0.0,0.0,20244,Talla,FLOATING,2025-02-12T08:31:51Z,LIGHT,NO_CHANGE,298.0,GOOD,2.7,OFF,-1
230041000,16.1,250.8,0,-14,True,False,249,10,1739349251633,60.178257,21.44875,3217604,2025-02-11T13:58:57.000+00:00,Viking Glory,20,9827877,FI,FILAN,SESTO,FITKU,2025-03-07T01:15:00.000+00:00,2025-03-07T01:20:00.000+00:00,,,Ei tiedossa,Ei tiedossa,0.0,0.0,0.0,0.0,20244,Talla,FLOATING,2025-02-12T08:31:51Z,LIGHT,NO_CHANGE,298.0,GOOD,2.7,OFF,-1
230041000,16.1,250.8,0,-14,True,False,249,10,1739349251633,60.178257,21.44875,3217605,2025-02-11T13:58:57.000+00:00,Viking Glory,20,9827877,FI,FILAN,SESTO,FITKU,2025-03-08T01:15:00.000+00:00,2025-03-08T01:20:00.000+00:00,,,Ei tiedossa,Ei tiedossa,0.0,0.0,0.0,0.0,20244,Talla,FLOATING,2025-02-12T08:31:51Z,LIGHT,NO_CHANGE,298.0,GOOD,2.7,OFF,-1
230041000,16.1,250.8,0,-14,True,False,249,10,1739349251633,60.178257,21.44875,3217606,2025-02-11T13:58:57.000+00:00,Viking Glory,20,9827877,FI,FILAN,SESTO,FITKU,2025-03-09T01:15:00.000+00:00,2025-03-09T01:20:00.000+00:00,,,Ei tiedossa,Ei tiedossa,0.0,0.0,0.0,0.0,20244,Talla,FLOATING,2025-02-12T08:31:51Z,LIGHT,NO_CHANGE,298.0,GOOD,2.7,OFF,-1
230041000,16.1,250.8,0,-14,True,False,249,10,1739349251633,60.178257,21.44875,3217607,2025-02-11T13:58:57.000+00:00,Viking Glory,20,9827877,FI,FILAN,SESTO,FITKU,2025-03-10T01:15:00.000+00:00,2025-03-10T01:20:00.000+00:00,,,Ei tiedossa,Ei tiedossa,0.0,0.0,0.0,0.0,20244,Talla,FLOATING,2025-02-12T08:31:51Z,LIGHT,NO_CHANGE,298.0,GOOD,2.7,OFF,-1
230041000,16.1,250.8,0,-14,True,False,249,10,1739349251633,60.178257,21.44875,3217630,2025-02-11T14:20:51.000+00:00,Viking Glory,20,9827877,FI,FIMHQ,FITKU,SESTO,2025-03-04T12:10:00.000+00:00,2025-03-04T12:25:00.000+00:00,,,Västra Hamnen,Ei tiedossa,0.0,0.0,0.0,,20244,Talla,FLOATING,2025-02-12T08:31:51Z,LIGHT,NO_CHANGE,298.0,GOOD,2.7,OFF,-1
230041000,16.1,250.8,0,-14,True,False,249,10,1739349251633,60.178257,21.44875,3217631,2025-02-11T14:20:51.000+00:00,Viking Glory,20,9827877,FI,FIMHQ,FITKU,SESTO,2025-03-05T12:10:00.000+00:00,2025-03-05T12:25:00.000+00:00,,,Västra Hamnen,Ei tiedossa,0.0,0.0,0.0,0.0,20244,Talla,FLOATING,2025-02-12T08:31:51Z,LIGHT,NO_CHANGE,298.0,GOOD,2.7,OFF,-1
230041000,16.1,250.8,0,-14,True,False,249,10,1739349251633,60.178257,21.44875,3217632,2025-02-11T14:20:51.000+00:00,Viking Glory,20,9827877,FI,FIMHQ,FITKU,SESTO,2025-03-06T12:10:00.000+00:00,2025-03-06T12:25:00.000+00:00,,,Västra Hamnen,Ei tiedossa,0.0,0.0,0.0,0.0,20244,Talla,FLOATING,2025-02-12T08:31:51Z,LIGHT,NO_CHANGE,298.0,GOOD,2.7,OFF,-1
230041000,16.1,250.8,0,-14,True,False,249,10,1739349251633,60.178257,21.44875,3217633,2025-02-11T14:20:51.000+00:00,Viking Glory,20,9827877,FI,FIMHQ,FITKU,SESTO,2025-03-07T12:10:00.000+00:00,2025-03-07T12:25:00.000+00:00,,,Västra Hamnen,Ei tiedossa,0.0,0.0,0.0,0.0,20244,Talla,FLOATING,2025-02-12T08:31:51Z,LIGHT,NO_CHANGE,298.0,GOOD,2.7,OFF,-1
230041000,16.1,250.8,0,-14,True,False,249,10,1739349251633,60.178257,21.44875,3217634,2025-02-11T14:20:51.000+00:00,Viking Glory,20,9827877,FI,FIMHQ,FITKU,SESTO,2025-03-08T12:10:00.000+00:00,2025-03-08T12:25:00.000+00:00,,,Västra Hamnen,Ei tiedossa,0.0,0.0,0.0,0.0,20244,Talla,FLOATING,2025-02-12T08:31:51Z,LIGHT,NO_CHANGE,298.0,GOOD,2.7,OFF,-1
230041000,16.1,250.8,0,-14,True,False,249,10,1739349251633,60.178257,21.44875,3217635,2025-02-11T14:20:51.000+00:00,Viking Glory,20,9827877,FI,FIMHQ,FITKU,SESTO,2025-03-09T12:10:00.000+00:00,2025-03-09T12:25:00.000+00:00,,,Västra Hamnen,Ei tiedossa,0.0,0.0,0.0,0.0,20244,Talla,FLOATING,2025-02-12T08:31:51Z,LIGHT,NO_CHANGE,298.0,GOOD,2.7,OFF,-1
230041000,16.1,250.8,0,-14,True,False,249,10,1739349251633,60.178257,21.44875,3217636,2025-02-11T14:20:51.000+00:00,Viking Glory,20,9827877,FI,FIMHQ,FITKU,SESTO,2025-03-10T12:10:00.000+00:00,2025-03-10T12:25:00.000+00:00,,,Västra Hamnen,Ei tiedossa,0.0,0.0,0.0,0.0,20244,Talla,FLOATING,2025-02-12T08:31:51Z,LIGHT,NO_CHANGE,298.0,GOOD,2.7,OFF,-1
230663000,0.0,35.3,5,0,True,False,123,23,1739349083239,63.084368,21.557518,3214722,2025-02-12T08:31:16.000+00:00,Eeva VG,70,9769104,FI,FIVAA,DEBKE,FIVAA,2025-02-11T15:15:00.000+00:00,2025-02-12T18:00:00.000+00:00,2025-02-11T15:40:00.000+00:00,,Lassenlaituri,Lassenlaituri,0.0,0.0,8.0,0.0,8659,Kelloniemi_2,FLOATING,2022-04-17T17:31:39Z,CALM,NO_CHANGE,187.0,GOOD,2.9,OFF,10
230663000,0.0,35.3,5,0,True,False,123,23,1739349083239,63.084368,21.557518,3215855,2025-02-12T05:07:07.000+00:00,Eeva VG,70,9769104,FI,FINLI,FIVAA,DEPAP,2025-02-13T16:00:00.000+00:00,2025-02-14T04:00:00.000+00:00,,,L.maa 51,Luonnonmaa,0.0,0.0,8.0,,8659,Kelloniemi_2,FLOATING,2022-04-17T17:31:39Z,CALM,NO_CHANGE,187.0,GOOD,2.9,OFF,10
230689000,0.3,188.9,1,16,True,False,280,12,1739349194129,60.023798,25.508167,3217067,2025-02-12T06:39:00.000+00:00,Uikku,80,9797814,FI,FISKV,BEANR,BEANR,2025-02-12T12:00:00.000+00:00,2025-02-13T12:00:00.000+00:00,,,Öljylaituri,Öljylaituri,0.0,0.0,20.0,,11639,Hankon.p.alem,FIXED,2025-02-12T08:00:46Z,,,,GOOD,,OFF,3
230697000,0.0,176.0,5,0,True,False,155,22,1739349143284,60.486838,26.945955,3178425,2025-02-11T09:21:17.000+00:00,Finneco II,40,9856842,FI,FIHEL,BEANR,FIKTK,2025-02-10T04:45:00.000+00:00,2025-02-10T20:30:00.000+00:00,2025-02-10T04:05:00.000+00:00,2025-02-10T20:30:00.000+00:00,VF4,Vuosaaren satama,0.0,0.0,25.0,1.0,11639,Hankon.p.alem,FIXED,2025-02-12T08:00:46Z,,,,GOOD,,OFF,3
276829000,22.2,179.8,0,-7,True,False,182,9,1739349250776,60.064402,24.90011,3208489,2025-02-11T18:30:31.000+00:00,Megastar,20,9773064,EE,FIHEL,EETLL,EETLL,2025-02-09T07:30:00.000+00:00,2025-02-09T08:30:00.000+00:00,2025-02-09T07:32:00.000+00:00,2025-02-09T08:20:00.000+00:00,Jätkän laituripaikka 7,Länsisatama,0.0,0.0,177.0,203.0,11639,Hankon.p.alem,FIXED,2025-02-12T08:00:46Z,,,,GOOD,,OFF,3
276829000,22.2,179.8,0,-7,True,False,182,9,1739349250776,60.064402,24.90011,3210854,2025-02-11T21:30:04.000+00:00,Megastar,20,9773064,EE,FIHEL,EETLL,EETLL,2025-02-11T19:30:00.000+00:00,2025-02-11T20:30:00.000+00:00,2025-02-11T19:30:00.000+00:00,2025-02-11T20:15:00.000+00:00,Jätkän laituripaikka 7,Länsisatama,0.0,0.0,166.0,432.0,11639,Hankon.p.alem,FIXED,2025-02-12T08:00:46Z,,,,GOOD,,OFF,3
276829000,22.2,179.8,0,-7,True,False,182,9,1739349250776,60.064402,24.90011,3210860,2025-02-12T08:32:10.000+00:00,Megastar,20,9773064,EE,FIHEL,EETLL,EETLL,2025-02-12T07:30:00.000+00:00,2025-02-12T08:30:00.000+00:00,2025-02-12T07:30:00.000+00:00,2025-02-12T08:14:00.000+00:00,Jätkän laituripaikka 7,Länsisatama,0.0,0.0,168.0,341.0,11639,Hankon.p.alem,FIXED,2025-02-12T08:00:46Z,,,,GOOD,,OFF,3
276829000,22.2,179.8,0,-7,True,False,182,9,1739349250776,60.064402,24.90011,3210869,2025-02-11T15:30:04.000+00:00,Megastar,20,9773064,EE,FIHEL,EETLL,EETLL,2025-02-11T13:30:00.000+00:00,2025-02-11T14:30:00.000+00:00,2025-02-11T13:30:00.000+00:00,2025-02-11T14:15:00.000+00:00,Jätkän laituripaikka 7,Länsisatama,0.0,0.0,168.0,388.0,11639,Hankon.p.alem,FIXED,2025-02-12T08:00:46Z,,,,GOOD,,OFF,3
276829000,22.2,179.8,0,-7,True,False,182,9,1739349250776,60.064402,24.90011,3210929,2025-02-11T09:30:04.000+00:00,Megastar,20,9773064,EE,FIHEL,EETLL,EETLL,2025-02-11T07:30:00.000+00:00,2025-02-11T08:30:00.000+00:00,2025-02-11T07:30:00.000+00:00,2025-02-11T08:15:00.000+00:00,Jätkän laituripaikka 7,Länsisatama,0.0,0.0,169.0,474.0,11639,Hankon.p.alem,FIXED,2025-02-12T08:00:46Z,,,,GOOD,,OFF,3
230341000,0.0,75.9,5,0,True,False,260,25,1739349206050,60.11717,20.297473,3212157,2025-02-11T12:51:58.000+00:00,Fjärdvägen,40,7226952,FI,FILAN,FINLI,FINLI,2025-02-11T03:30:00.000+00:00,2025-02-11T13:00:00.000+00:00,2025-02-11T03:28:00.000+00:00,2025-02-11T12:39:00.000+00:00,Ei tiedossa,Ei tiedossa,0.0,0.0,12.0,3.0,20249,Koivisto,FLOATING,2025-02-12T08:31:30Z,LIGHT,ASCENDING,283.0,GOOD,8.4,OFF,-2
230341000,0.0,75.9,5,0,True,False,260,25,1739349206050,60.11717,20.297473,3212158,2025-02-12T03:32:49.000+00:00,Fjärdvägen,40,7226952,FI,FILAN,FINLI,FINLI,2025-02-12T03:30:00.000+00:00,2025-02-12T13:00:00.000+00:00,2025-02-12T03:30:00.000+00:00,,Ei tiedossa,Ei tiedossa,0.0,0.0,12.0,0.0,20249,Koivisto,FLOATING,2025-02-12T08:31:30Z,LIGHT,ASCENDING,283.0,GOOD,8.4,OFF,-2
230341000,0.0,75.9,5,0,True,False,260,25,1739349206050,60.11717,20.297473,3212177,2025-02-11T22:16:37.000+00:00,Fjärdvägen,40,7226952,FI,FINLI,FILAN,FILAN,2025-02-11T18:00:00.000+00:00,2025-02-11T22:30:00.000+00:00,2025-02-11T18:05:00.000+00:00,2025-02-11T22:04:00.000+00:00,Ro-Ro 20,Kantasatama,0.0,0.0,12.0,3.0,20249,Koivisto,FLOATING,2025-02-12T08:31:30Z,LIGHT,ASCENDING,283.0,GOOD,8.4,OFF,-2
244090097,0.0,187.3,5,0,True,True,112,6,1739349247593,60.014163,23.919393,3216128,2025-02-12T05:51:14.000+00:00,Coral Energice,82,9783124,NL,FIINK,FITOR,FIPOR,2025-02-11T21:00:00.000+00:00,2025-02-12T15:30:00.000+00:00,2025-02-11T21:00:00.000+00:00,,Ei tiedossa,Fortum,0.0,0.0,20.0,,11639,Hankon.p.alem,FIXED,2025-02-12T08:00:46Z,,,,GOOD,,OFF,3
244090097,0.0,187.3,5,0,True,True,112,6,1739349247593,60.014163,23.919393,3217663,2025-02-12T08:21:47.000+00:00,Coral Energice,82,9783124,NL,FIPOR,FIINK,FIINK,2025-02-15T03:00:00.000+00:00,2025-02-15T21:30:00.000+00:00,,,Kemikaalilaituri no:30,TAHKOLUOTO,0.0,0.0,20.0,,11639,Hankon.p.alem,FIXED,2025-02-12T08:00:46Z,,,,GOOD,,OFF,3
244870000,11.4,11.7,0,0,False,False,10,54,1739349233638,62.417952,19.973413,3214739,2025-02-11T10:34:29.000+00:00,Scheldebank,70,9439474,NL,FITOR,FRBOL,FITOR,2025-02-14T14:00:00.000+00:00,2025-02-17T21:59:00.000+00:00,,,Seitsemän,Seitsemän,0.0,0.0,7.0,0.0,81731,Rauma_1,FLOATING,2022-11-01T15:01:57Z,LIGHT,NO_CHANGE,332.0,GOOD,13.5,OFF,18
210048000,0.2,9.4,1,0,False,False,259,28,1739349149656,60.005833,25.481613,3215733,2025-02-12T05:25:53.000+00:00,Norma,80,9870666,CY,FISKV,FIKTK,SESOE,2025-02-13T13:00:00.000+00:00,2025-02-13T22:01:00.000+00:00,,,Öljylaituri,Öljylaituri,0.0,0.0,14.0,0.0,11639,Hankon.p.alem,FIXED,2025-02-12T08:00:46Z,,,,GOOD,,OFF,3
210048000,0.2,9.4,1,0,False,False,259,28,1739349149656,60.005833,25.481613,3216081,2025-02-11T17:57:32.000+00:00,Norma,80,9870666,CY,FIKTK,FIPOR,FISKV,2025-02-11T01:00:00.000+00:00,2025-02-11T17:00:00.000+00:00,2025-02-11T01:25:00.000+00:00,2025-02-11T17:05:00.000+00:00,Ö3,Öljysatama,0.0,0.0,14.0,,11639,Hankon.p.alem,FIXED,2025-02-12T08:00:46Z,,,,GOOD,,OFF,3
210048000,0.2,9.4,1,0,False,False,259,28,1739349149656,60.005833,25.481613,3217496,2025-02-12T05:42:04.000+00:00,Norma,80,9870666,CY,FIANK,FIKTK,FISKV,2025-02-11T16:27:00.000+00:00,2025-02-13T11:00:00.000+00:00,2025-02-11T23:00:00.000+00:00,,Ei tiedossa,Ei tiedossa,0.0,0.0,1.0,0.0,11639,Hankon.p.alem,FIXED,2025-02-12T08:00:46Z,,,,GOOD,,OFF,3
230685000,20.7,359.9,0,0,False,False,359,12,1739349252783,59.817595,25.08343,3197681,2025-02-11T14:16:46.000+00:00,Finbo Cargo,40,9181106,FI,FIHEL,EEMUG,EEMUG,2025-02-06T17:15:00.000+00:00,2025-02-06T18:00:00.000+00:00,2025-02-06T17:10:00.000+00:00,2025-02-06T18:00:00.000+00:00,VA8,Vuosaaren satama,6.0,6.0,40.0,106.0,11639,Hankon.p.alem,FIXED,2025-02-12T08:00:46Z,,,,GOOD,,OFF,3
230685000,20.7,359.9,0,0,False,False,359,12,1739349252783,59.817595,25.08343,3197686,2025-02-11T19:00:04.000+00:00,Finbo Cargo,40,9181106,FI,FIHEL,EEMUG,EEMUG,2025-02-11T17:15:00.000+00:00,2025-02-11T18:00:00.000+00:00,2025-02-11T17:10:00.000+00:00,2025-02-11T18:00:00.000+00:00,VA8,Vuosaaren satama,6.0,6.0,43.0,104.0,11639,Hankon.p.alem,FIXED,2025-02-12T08:00:46Z,,,,GOOD,,OFF,3
230685000,20.7,359.9,0,0,False,False,359,12,1739349252783,59.817595,25.08343,3197687,2025-02-12T06:45:23.000+00:00,Finbo Cargo,40,9181106,FI,FIHEL,EEMUG,EEMUG,2025-02-12T17:15:00.000+00:00,2025-02-12T18:00:00.000+00:00,,,VA8,Vuosaaren satama,6.0,6.0,0.0,0.0,11639,Hankon.p.alem,FIXED,2025-02-12T08:00:46Z,,,,GOOD,,OFF,3
230685000,20.7,359.9,0,0,False,False,359,12,1739349252783,59.817595,25.08343,3197719,2025-02-12T06:01:28.000+00:00,Finbo Cargo,40,9181106,FI,FIHEL,EEMUG,EEMUG,2025-02-12T03:15:00.000+00:00,2025-02-12T04:00:00.000+00:00,2025-02-12T03:10:00.000+00:00,2025-02-12T03:55:00.000+00:00,VA8,Vuosaaren satama,6.0,6.0,43.0,98.0,11639,Hankon.p.alem,FIXED,2025-02-12T08:00:46Z,,,,GOOD,,OFF,3
230685000,20.7,359.9,0,0,False,False,359,12,1739349252783,59.817595,25.08343,3197735,2025-02-11T12:00:04.000+00:00,Finbo Cargo,40,9181106,FI,FIHEL,EEMUG,EEMUG,2025-02-11T10:15:00.000+00:00,2025-02-11T11:00:00.000+00:00,2025-02-11T10:07:00.000+00:00,2025-02-11T11:00:00.000+00:00,VA8,Vuosaaren satama,6.0,6.0,42.0,130.0,11639,Hankon.p.alem,FIXED,2025-02-12T08:00:46Z,,,,GOOD,,OFF,3
230685000,20.7,359.9,0,0,False,False,359,12,1739349252783,59.817595,25.08343,3197736,2025-02-12T07:34:10.000+00:00,Finbo Cargo,40,9181106,FI,FIHEL,EEMUG,EEMUG,2025-02-12T10:15:00.000+00:00,2025-02-12T11:00:00.000+00:00,,,VA8,Vuosaaren satama,6.0,6.0,0.0,0.0,11639,Hankon.p.alem,FIXED,2025-02-12T08:00:46Z,,,,GOOD,,OFF,3
230613000,8.7,336.0,0,0,True,False,335,7,1739349248307,64.814857,23.407048,3215809,2025-02-12T05:25:16.000+00:00,Alppila,70,9381706,FI,FIRAA,SELLA,SELLA,2025-02-09T21:59:00.000+00:00,2025-02-12T05:00:00.000+00:00,2025-02-09T22:15:00.000+00:00,2025-02-12T05:20:00.000+00:00,Syvälaituri 1,Rautaruukki,0.0,0.0,17.0,,8659,Kelloniemi_2,FLOATING,2022-04-17T17:31:39Z,CALM,NO_CHANGE,187.0,GOOD,2.9,OFF,10
230613000,8.7,336.0,0,0,True,False,335,7,1739349248307,64.814857,23.407048,3216132,2025-02-11T10:58:40.000+00:00,Alppila,70,9381706,FI,FIHEL,FIPOR,FIHEL,2025-02-18T16:00:00.000+00:00,2025-02-20T08:00:00.000+00:00,,,Hiililaituri,Länsisatama,0.0,0.0,0.0,,8659,Kelloniemi_2,FLOATING,2022-04-17T17:31:39Z,CALM,NO_CHANGE,187.0,GOOD,2.9,OFF,10
230613000,8.7,336.0,0,0,True,False,335,7,1739349248307,64.814857,23.407048,3217102,2025-02-11T13:45:17.000+00:00,Alppila,70,9381706,FI,FIPOR,FIRAA,FIHEL,2025-02-15T13:00:00.000+00:00,2025-02-18T21:59:00.000+00:00,,,SYVÄSATAMA 26,TAHKOLUOTO,0.0,0.0,17.0,,8659,Kelloniemi_2,FLOATING,2022-04-17T17:31:39Z,CALM,NO_CHANGE,187.0,GOOD,2.9,OFF,10
230613000,8.7,336.0,0,0,True,False,335,7,1739349248307,64.814857,23.407048,3217745,2025-02-12T05:55:16.000+00:00,Alppila,70,9381706,FI,FIRAA,SELLA,FIPOR,2025-02-13T15:00:00.000+00:00,2025-02-14T17:00:00.000+00:00,,,Syvälaituri 1,Rautaruukki,0.0,0.0,0.0,,8659,Kelloniemi_2,FLOATING,2022-04-17T17:31:39Z,CALM,NO_CHANGE,187.0,GOOD,2.9,OFF,10
230981000,0.0,20.2,5,-5,True,False,131,5,1739348946108,60.218832,25.199292,3201271,2025-02-12T08:32:41.000+00:00,Finnstar,20,9319442,FI,FIHEL,DETRV,DETRV,2025-02-12T08:00:00.000+00:00,2025-02-12T13:00:00.000+00:00,2025-02-12T08:00:00.000+00:00,,VC2,Vuosaaren satama,0.0,0.0,38.0,191.0,11639,Hankon.p.alem,FIXED,2025-02-12T08:00:46Z,,,,GOOD,,OFF,3
230639000,0.0,42.0,5,0,True,False,42,14,1739349136729,60.436233,22.218917,3194073,2025-02-12T03:21:57.000+00:00,Baltic Princess,20,9354284,FI,FILAN,SESTO,FITKU,2025-02-12T03:10:00.000+00:00,2025-02-12T03:15:00.000+00:00,2025-02-12T03:05:00.000+00:00,2025-02-12T03:10:00.000+00:00,Ei tiedossa,Ei tiedossa,0.0,0.0,147.0,219.0,20245,Nuhja,FLOATING,2025-02-12T08:31:36Z,CALM,NO_CHANGE,302.0,GOOD,7.7,OFF,-1
275519000,10.8,15.3,0,0,False,False,17,3,1739349244498,62.00767,19.930127,3213837,2025-02-12T08:00:20.000+00:00,Nordland,70,9281786,LV,FIVAA,DEHAM,FIVAA,2025-02-12T19:00:00.000+00:00,2025-02-13T21:00:00.000+00:00,,,Lassenlaituri,Lassenlaituri,0.0,0.0,9.0,,81731,Rauma_1,FLOATING,2022-11-01T15:01:57Z,LIGHT,NO_CHANGE,332.0,GOOD,13.5,OFF,18
275519000,10.8,15.3,0,0,False,False,17,3,1739349244498,62.00767,19.930127,3217555,2025-02-11T09:46:49.000+00:00,Nordland,70,9281786,LV,FIRAA,FIVAA,DKVEJ,2025-02-14T05:00:00.000+00:00,2025-02-15T14:00:00.000+00:00,,,Rautaruukki laituri 4,Rautaruukki,0.0,0.0,0.0,,81731,Rauma_1,FLOATING,2022-11-01T15:01:57Z,LIGHT,NO_CHANGE,332.0,GOOD,13.5,OFF,18
230358000,0.0,48.5,5,0,True,False,297,43,1739349105694,63.86429,23.026903,3216883,2025-02-12T05:55:40.000+00:00,Rautaruukki,94,8418174,FI,FIKOK,FIRAA,SELLA,2025-02-11T16:00:00.000+00:00,2025-02-12T18:00:00.000+00:00,2025-02-11T18:15:00.000+00:00,,Syvälaituri 12,SYVÄSATAMA,0.0,0.0,11.0,,8659,Kelloniemi_2,FLOATING,2022-04-17T17:31:39Z,CALM,NO_CHANGE,187.0,GOOD,2.9,OFF,10
230358000,0.0,48.5,5,0,True,False,297,43,1739349105694,63.86429,23.026903,3216950,2025-02-11T10:08:13.000+00:00,Rautaruukki,94,8418174,FI,FIRAA,SELLA,FIKOK,2025-02-10T19:30:00.000+00:00,2025-02-11T10:00:00.000+00:00,2025-02-10T19:20:00.000+00:00,2025-02-11T10:00:00.000+00:00,Rautaruukki laituri 1,Rautaruukki,0.0,0.0,11.0,,8659,Kelloniemi_2,FLOATING,2022-04-17T17:31:39Z,CALM,NO_CHANGE,187.0,GOOD,2.9,OFF,10
246507000,0.1,137.3,5,0,True,False,55,37,1739349159296,60.793818,21.337572,3217418,2025-02-12T08:31:30.000+00:00,Terschelling,70,9313826,NL,FIKOK,FIUKI,ESTAR,2025-02-13T15:00:00.000+00:00,2025-02-17T22:00:00.000+00:00,,,Kantasataman laituri 4,KANTASATAMA,0.0,0.0,7.0,,20249,Koivisto,FLOATING,2025-02-12T08:31:30Z,LIGHT,ASCENDING,283.0,GOOD,8.4,OFF,-2
219076000,0.0,92.1,5,3,True,False,100,58,1739349179858,60.01098,23.960097,3215052,2025-02-11T12:57:36.000+00:00,Ternholm,80,9300829,DK,FIINK,SEGOT,SEGOT,2025-02-11T13:00:00.000+00:00,2025-02-13T00:00:00.000+00:00,2025-02-11T12:00:00.000+00:00,,Ei tiedossa,Öljysatama,0.0,0.0,14.0,,11639,Hankon.p.alem,FIXED,2025-02-12T08:00:46Z,,,,GOOD,,OFF,3
265004000,0.0,139.3,5,0,True,False,139,57,1739349118408,60.16137,24.959723,3208574,2025-02-12T07:40:12.000+00:00,Silja Symphony,20,8803769,SE,FIHEL,FIMHQ,FIMHQ,2025-02-04T08:30:00.000+00:00,2025-02-04T15:00:00.000+00:00,2025-02-04T08:30:00.000+00:00,2025-02-04T14:54:00.000+00:00,ETELÄ 2,Eteläsatama,0.0,0.0,222.0,1068.0,11639,Hankon.p.alem,FIXED,2025-02-12T08:00:46Z,,,,GOOD,,OFF,3
265004000,0.0,139.3,5,0,True,False,139,57,1739349118408,60.16137,24.959723,3208597,2025-02-12T07:48:25.000+00:00,Silja Symphony,20,8803769,SE,FIHEL,FIMHQ,FIMHQ,2025-02-08T08:30:00.000+00:00,2025-02-08T15:00:00.000+00:00,2025-02-08T08:31:00.000+00:00,2025-02-08T14:55:00.000+00:00,ETELÄ 2,Eteläsatama,0.0,0.0,176.0,959.0,11639,Hankon.p.alem,FIXED,2025-02-12T08:00:46Z,,,,GOOD,,OFF,3
265004000,0.0,139.3,5,0,True,False,139,57,1739349118408,60.16137,24.959723,3211087,2025-02-11T22:05:37.000+00:00,Silja Symphony,20,8803769,SE,FIMHQ,SESTO,FIHEL,2025-02-11T21:45:00.000+00:00,2025-02-11T21:55:00.000+00:00,2025-02-11T21:45:00.000+00:00,2025-02-11T21:55:00.000+00:00,Västra Hamnen,Ei tiedossa,0.0,0.0,168.0,607.0,11639,Hankon.p.alem,FIXED,2025-02-12T08:00:46Z,,,,GOOD,,OFF,3
265004000,0.0,139.3,5,0,True,False,139,57,1739349118408,60.16137,24.959723,3211109,2025-02-12T07:30:23.000+00:00,Silja Symphony,20,8803769,SE,FIHEL,FIMHQ,FIMHQ,2025-02-12T08:30:00.000+00:00,2025-02-12T15:00:00.000+00:00,,,ETELÄ 2,Eteläsatama,0.0,0.0,0.0,,11639,Hankon.p.alem,FIXED,2025-02-12T08:00:46Z,,,,GOOD,,OFF,3
212880000,10.5,0.5,0,0,False,False,3,12,1739349252446,63.240663,20.47067,3213939,2025-02-11T17:37:48.000+00:00,Reymar,60,9552032,CY,FIUKI,LTKLJ,FIKOK,2025-02-06T18:30:00.000+00:00,2025-02-11T17:00:00.000+00:00,2025-02-06T18:25:00.000+00:00,2025-02-11T16:59:00.000+00:00,Berth 2,Hepokari,0.0,0.0,8.0,0.0,8659,Kelloniemi_2,FLOATING,2022-04-17T17:31:39Z,CALM,NO_CHANGE,187.0,GOOD,2.9,OFF,10
212880000,10.5,0.5,0,0,False,False,3,12,1739349252446,63.240663,20.47067,3217101,2025-02-12T06:30:07.000+00:00,Reymar,60,9552032,CY,FIKOK,FIUKI,FIUKI,2025-02-12T17:00:00.000+00:00,2025-02-13T21:59:00.000+00:00,,,Syvälaituri 12,SYVÄSATAMA,0.0,0.0,0.0,,8659,Kelloniemi_2,FLOATING,2022-04-17T17:31:39Z,CALM,NO_CHANGE,187.0,GOOD,2.9,OFF,10
246539000,0.1,349.7,5,0,True,False,299,9,1739349190104,63.862882,23.033103,3215056,2025-02-12T08:30:30.000+00:00,Maxima,60,9882061,NL,FIKOK,ESHUV,LVRIX,2025-02-09T11:45:00.000+00:00,2025-02-14T07:00:00.000+00:00,2025-02-09T13:55:00.000+00:00,,Syvälaituri 9,SYVÄSATAMA,0.0,0.0,0.0,,8659,Kelloniemi_2,FLOATING,2022-04-17T17:31:39Z,CALM,NO_CHANGE,187.0,GOOD,2.9,OFF,10
265039000,0.0,287.3,5,0,False,False,112,13,1739349195159,63.86087,23.033537,3198259,2025-02-11T18:15:10.000+00:00,Baltic Enabler,40,9884681,SE,FIKOK,BEANR,FIOUL,2025-01-15T04:30:00.000+00:00,2025-01-15T20:00:00.000+00:00,2025-01-15T04:45:00.000+00:00,2025-01-15T20:30:00.000+00:00,Hopeakiven laituri 3,HOPEAKIVEN SATAMA,0.0,0.0,21.0,,8659,Kelloniemi_2,FLOATING,2022-04-17T17:31:39Z,CALM,NO_CHANGE,187.0,GOOD,2.9,OFF,10
265039000,0.0,287.3,5,0,False,False,112,13,1739349195159,63.86087,23.033537,3211481,2025-02-11T19:15:12.000+00:00,Baltic Enabler,40,9884681,SE,FIKOK,BEANR,FIOUL,2025-01-29T13:30:00.000+00:00,2025-01-29T23:00:00.000+00:00,2025-01-29T13:30:00.000+00:00,2025-01-29T23:00:00.000+00:00,Hopeakiven laituri 3,HOPEAKIVEN SATAMA,0.0,0.0,0.0,,8659,Kelloniemi_2,FLOATING,2022-04-17T17:31:39Z,CALM,NO_CHANGE,187.0,GOOD,2.9,OFF,10
265039000,0.0,287.3,5,0,False,False,112,13,1739349195159,63.86087,23.033537,3215396,2025-02-11T20:15:27.000+00:00,Baltic Enabler,40,9884681,SE,FIOUL,FIKEM,FIPRS,2025-02-14T04:00:00.000+00:00,2025-02-14T20:00:00.000+00:00,,,102,ORITKARI,0.0,0.0,0.0,,8659,Kelloniemi_2,FLOATING,2022-04-17T17:31:39Z,CALM,NO_CHANGE,187.0,GOOD,2.9,OFF,10
265039000,0.0,287.3,5,0,False,False,112,13,1739349195159,63.86087,23.033537,3216094,2025-02-11T08:43:18.000+00:00,Baltic Enabler,40,9884681,SE,FIKEM,FIOUL,FIPRS,2025-02-13T03:00:00.000+00:00,2025-02-13T12:00:00.000+00:00,,,LAITURI 4 LP1,Ajos,0.0,0.0,23.0,,8659,Kelloniemi_2,FLOATING,2022-04-17T17:31:39Z,CALM,NO_CHANGE,187.0,GOOD,2.9,OFF,10
265039000,0.0,287.3,5,0,False,False,112,13,1739349195159,63.86087,23.033537,3217218,2025-02-12T08:30:55.000+00:00,Baltic Enabler,40,9884681,SE,FIKOK,BEANR,FIOUL,2025-02-12T04:00:00.000+00:00,2025-02-12T20:00:00.000+00:00,2025-02-12T04:45:00.000+00:00,,Hopeakiven laituri 3,HOPEAKIVEN SATAMA,0.0,0.0,0.0,,8659,Kelloniemi_2,FLOATING,2022-04-17T17:31:39Z,CALM,NO_CHANGE,187.0,GOOD,2.9,OFF,10
636092297,0.0,299.5,5,0,True,True,311,6,1739349245661,59.492372,24.960552,3217769,2025-02-12T07:44:32.000+00:00,Johann,70,9534298,LR,FIPOR,EEMUG,DKCPH,2025-02-13T20:00:00.000+00:00,2025-02-14T18:00:00.000+00:00,,,KALLONLAHTI 25,MÄNTYLUOTO,0.0,0.0,0.0,,11639,Hankon.p.alem,FIXED,2025-02-12T08:00:46Z,,,,GOOD,,OFF,3
230011000,0.0,212.6,0,0,True,False,124,5,1739349246428,63.845298,23.017317,3214720,2025-02-12T06:08:42.000+00:00,Prima Viking,70,9195810,FI,FIVAA,DERSK,FIKOK,2025-02-11T05:00:00.000+00:00,2025-02-11T17:30:00.000+00:00,2025-02-11T05:00:00.000+00:00,2025-02-11T21:20:00.000+00:00,Lassenlaituri,Lassenlaituri,0.0,0.0,9.0,0.0,8659,Kelloniemi_2,FLOATING,2022-04-17T17:31:39Z,CALM,NO_CHANGE,187.0,GOOD,2.9,OFF,10
230011000,0.0,212.6,0,0,True,False,124,5,1739349246428,63.845298,23.017317,3217417,2025-02-12T07:15:17.000+00:00,Prima Viking,70,9195810,FI,FIKOK,FIVAA,BEANR,2025-02-12T08:30:00.000+00:00,2025-02-13T16:00:00.000+00:00,,,Kantasataman laituri 4,KANTASATAMA,0.0,0.0,0.0,,8659,Kelloniemi_2,FLOATING,2022-04-17T17:31:39Z,CALM,NO_CHANGE,187.0,GOOD,2.9,OFF,10
246554000,0.0,303.7,5,0,True,False,242,49,1739349228863,59.822163,22.952927,3213145,2025-02-12T05:42:25.000+00:00,Kraftca,40,9307360,NL,FIHKO,DELBC,FIKTK,2025-02-12T05:00:00.000+00:00,2025-02-12T09:00:00.000+00:00,2025-02-12T04:59:00.000+00:00,,Roro 2,LÄNSISATAMA,0.0,0.0,19.0,,11639,Hankon.p.alem,FIXED,2025-02-12T08:00:46Z,,,,GOOD,,OFF,3
246554000,0.0,303.7,5,0,True,False,242,49,1739349228863,59.822163,22.952927,3213147,2025-02-11T11:20:52.000+00:00,Kraftca,40,9307360,NL,FIKTK,FIHKO,FIHKO,2025-02-12T21:00:00.000+00:00,2025-02-14T19:00:00.000+00:00,,,HIEH5,HIETANEN,0.0,0.0,20.0,0.0,11639,Hankon.p.alem,FIXED,2025-02-12T08:00:46Z,,,,GOOD,,OFF,3
305981000,0.0,255.0,5,0,False,False,341,3,1739349182969,60.482948,26.974178,3216086,2025-02-12T05:40:51.000+00:00,Lisa Lehmann,70,9325130,AG,FIKTK,LVSAL,FIKTK,2025-02-11T16:30:00.000+00:00,2025-02-13T12:00:00.000+00:00,2025-02-11T15:40:00.000+00:00,,HALU1,HALLA,0.0,0.0,7.0,,11639,Hankon.p.alem,FIXED,2025-02-12T08:00:46Z,,,,GOOD,,OFF,3
246845000,9.8,12.3,0,0,True,False,13,7,1739349248021,62.703833,20.084362,3214737,2025-02-11T13:00:25.000+00:00,Gaastborg,70,9518268,NL,FITOR,NLDOR,ESALG,2025-02-13T09:00:00.000+00:00,2025-02-14T21:59:00.000+00:00,,,,,0.0,0.0,9.0,0.0,8659,Kelloniemi_2,FLOATING,2022-04-17T17:31:39Z,CALM,NO_CHANGE,187.0,GOOD,2.9,OFF,10
244874000,15.7,259.0,0,0,True,False,259,7,1739349248355,59.709252,23.891917,3214799,2025-02-11T15:07:29.000+00:00,Emotion,50,9359258,NL,FIHEL,PLGDY,EEMUG,2025-02-10T16:20:00.000+00:00,2025-02-11T18:00:00.000+00:00,2025-02-10T15:37:00.000+00:00,2025-02-11T18:25:00.000+00:00,VEA,Vuosaaren satama,0.0,0.0,15.0,0.0,11639,Hankon.p.alem,FIXED,2025-02-12T08:00:46Z,,,,GOOD,,OFF,3
244874000,15.7,259.0,0,0,True,False,259,7,1739349248355,59.709252,23.891917,3215695,2025-02-11T14:21:25.000+00:00,Emotion,50,9359258,NL,FIRAU,EEMUG,DEHAM,2025-02-13T08:05:00.000+00:00,2025-02-13T22:00:00.000+00:00,,,Konttilaituri 1,"Petäjäs, Konttilaituri",0.0,0.0,15.0,0.0,11639,Hankon.p.alem,FIXED,2025-02-12T08:00:46Z,,,,GOOD,,OFF,3
229941000,0.0,10.5,5,0,False,False,320,2,1739349242789,64.223673,23.710245,3216083,2025-02-11T20:15:37.000+00:00,YM Everest,70,9653812,MT,FIOUL,FIKJO,EGALY,2025-02-13T07:00:00.000+00:00,2025-02-15T20:00:00.000+00:00,,,105,ORITKARI,0.0,0.0,0.0,,8659,Kelloniemi_2,FLOATING,2022-04-17T17:31:39Z,CALM,NO_CHANGE,187.0,GOOD,2.9,OFF,10
246556000,12.9,218.2,0,0,True,False,220,59,1739349241547,64.831328,23.369925,3213140,2025-02-12T04:39:20.000+00:00,Arneborg,70,9333539,NL,FITOR,FIKEM,USMOB,2025-02-07T03:00:00.000+00:00,2025-02-12T00:00:00.000+00:00,2025-02-07T05:30:00.000+00:00,2025-02-12T02:03:00.000+00:00,Neljä,Neljä,0.0,0.0,14.0,0.0,8659,Kelloniemi_2,FLOATING,2022-04-17T17:31:39Z,CALM,NO_CHANGE,187.0,GOOD,2.9,OFF,10
209732000,0.0,12.5,5,0,False,False,107,48,1739349169953,63.843253,23.023588,3217068,2025-02-12T08:15:14.000+00:00,Calamar,70,9528512,CY,FIKOK,FITOR,SENRK,2025-02-11T07:00:00.000+00:00,2025-02-12T21:59:00.000+00:00,2025-02-11T06:50:00.000+00:00,,Kantasataman laituri 1,KANTASATAMA,0.0,0.0,0.0,,8659,Kelloniemi_2,FLOATING,2022-04-17T17:31:39Z,CALM,NO_CHANGE,187.0,GOOD,2.9,OFF,10
246452000,0.0,82.4,5,-9,False,False,260,37,1739349156709,61.126527,21.432755,3213838,2025-02-11T12:56:27.000+00:00,Spaarnegracht,70,9202558,NL,FIRAU,NLAMS,USJAX,2025-02-11T12:05:00.000+00:00,2025-02-14T21:05:00.000+00:00,2025-02-11T11:25:00.000+00:00,,Ro-Ro 6,Iso-Hakuni,0.0,0.0,0.0,,84482,Rihtniemi_aalto,FLOATING,2025-02-12T08:31:33Z,BREEZE,ASCENDING,355.0,GOOD,4.4,OFF,1
255802840,0.0,222.1,5,1,True,False,147,58,1739349119371,61.114192,21.445278,3217506,2025-02-12T08:28:16.000+00:00,Fembria,70,9350771,PT,FIRAU,LVMRX,LVSKU,2025-02-12T03:05:00.000+00:00,2025-02-12T22:00:00.000+00:00,2025-02-12T03:25:00.000+00:00,,Metsä-Botnia,Metsä-Botnia,0.0,0.0,0.0,,84482,Rihtniemi_aalto,FLOATING,2025-02-12T08:31:33Z,BREEZE,ASCENDING,355.0,GOOD,4.4,OFF,1
209730000,8.8,193.3,0,0,True,True,193,1,1739349243703,63.10688,20.313953,3214733,2025-02-11T09:13:18.000+00:00,Optimar,70,9199402,CY,FIKAS,EERMS,FIRAA,2025-02-08T05:00:00.000+00:00,2025-02-08T21:30:00.000+00:00,2025-02-08T05:30:00.000+00:00,2025-02-08T21:30:00.000+00:00,Syvä07,Syväsatama,4.7,3.6,9.0,,8659,Kelloniemi_2,FLOATING,2022-04-17T17:31:39Z,CALM,NO_CHANGE,187.0,GOOD,2.9,OFF,10
209730000,8.8,193.3,0,0,True,True,193,1,1739349243703,63.10688,20.313953,3216286,2025-02-11T17:03:47.000+00:00,Optimar,70,9199402,CY,FIRAA,FIKAS,SEOXE,2025-02-09T18:00:00.000+00:00,2025-02-11T17:00:00.000+00:00,2025-02-09T18:00:00.000+00:00,2025-02-11T17:00:00.000+00:00,Rautaruukki laituri 4,Rautaruukki,0.0,0.0,9.0,,8659,Kelloniemi_2,FLOATING,2022-04-17T17:31:39Z,CALM,NO_CHANGE,187.0,GOOD,2.9,OFF,10
246371000,0.0,185.9,5,0,True,False,178,47,1739349169229,64.655755,24.4101,3212836,2025-02-11T20:24:30.000+00:00,Nijlborg,70,9313802,NL,FITOR,PLSZZ,FIRAA,2025-02-08T14:00:00.000+00:00,2025-02-11T18:00:00.000+00:00,2025-02-08T14:20:00.000+00:00,2025-02-11T20:09:00.000+00:00,Viisi,Viisi,0.0,0.0,0.0,0.0,8659,Kelloniemi_2,FLOATING,2022-04-17T17:31:39Z,CALM,NO_CHANGE,187.0,GOOD,2.9,OFF,10
246371000,0.0,185.9,5,0,True,False,178,47,1739349169229,64.655755,24.4101,3217431,2025-02-12T07:34:16.000+00:00,Nijlborg,70,9313802,NL,FIRAA,FITOR,BEANR,2025-02-12T08:00:00.000+00:00,2025-02-13T20:00:00.000+00:00,2025-02-12T07:30:00.000+00:00,,Rautaruukki laituri 5,Rautaruukki,0.0,0.0,9.0,0.0,8659,Kelloniemi_2,FLOATING,2022-04-17T17:31:39Z,CALM,NO_CHANGE,187.0,GOOD,2.9,OFF,10
245097000,0.0,53.4,5,-1,True,False,200,24,1739349084248,59.823017,22.947687,3212456,2025-02-12T08:23:27.000+00:00,Pulpca,40,9345386,NL,FIKTK,FIHKO,FIHKO,2025-02-09T20:00:00.000+00:00,2025-02-11T19:00:00.000+00:00,2025-02-09T20:40:00.000+00:00,2025-02-11T19:10:00.000+00:00,HIEH5,HIETANEN,0.0,0.0,21.0,0.0,11639,Hankon.p.alem,FIXED,2025-02-12T08:00:46Z,,,,GOOD,,OFF,3
245097000,0.0,53.4,5,-1,True,False,200,24,1739349084248,59.823017,22.947687,3214985,2025-02-12T05:32:32.000+00:00,Pulpca,40,9345386,NL,FIHKO,FIKTK,FIRAU,2025-02-12T05:00:00.000+00:00,2025-02-12T16:00:00.000+00:00,2025-02-12T05:18:00.000+00:00,,Roro 1,LÄNSISATAMA,0.0,0.0,21.0,,11639,Hankon.p.alem,FIXED,2025-02-12T08:00:46Z,,,,GOOD,,OFF,3
245097000,0.0,53.4,5,-1,True,False,200,24,1739349084248,59.823017,22.947687,3214988,2025-02-11T14:33:26.000+00:00,Pulpca,40,9345386,NL,FIRAU,FIHKO,GBTIL,2025-02-13T05:00:00.000+00:00,2025-02-13T21:59:00.000+00:00,,,Ro-Ro 4,Iso-Hakuni,0.0,0.0,0.0,,11639,Hankon.p.alem,FIXED,2025-02-12T08:00:46Z,,,,GOOD,,OFF,3
245909000,0.0,68.1,5,0,False,False,235,49,1739349169029,60.795337,21.341763,3217097,2025-02-12T05:46:29.000+00:00,Robijn,70,9423669,NL,FIUKI,SESTK,SELAA,2025-02-12T01:00:00.000+00:00,2025-02-12T17:30:00.000+00:00,2025-02-12T00:15:00.000+00:00,,Ei tiedossa,Yara,0.0,0.0,6.0,,20243,Kipsi,FLOATING,2021-10-18T14:01:27Z,CALM,NO_CHANGE,310.0,GOOD,3.7,OFF,10
230352000,14.8,193.0,0,0,True,False,193,10,1739349251113,62.883167,20.198667,3210042,2025-02-11T17:49:38.000+00:00,Marjatta,70,9126247,FI,FITOR,SEHEL,NLTNZ,2025-01-30T00:00:00.000+00:00,2025-02-11T16:00:00.000+00:00,2025-01-29T23:23:00.000+00:00,2025-02-11T17:06:00.000+00:00,Kuusi,Kuusi,0.0,0.0,11.0,0.0,8659,Kelloniemi_2,FLOATING,2022-04-17T17:31:39Z,CALM,NO_CHANGE,187.0,GOOD,2.9,OFF,10
246650000,0.0,344.4,5,0,True,True,140,29,1739349088991,60.215873,25.186413,3215527,2025-02-11T19:28:15.000+00:00,OOCL Rauma,50,9462794,NL,FIKTK,LTKLJ,FIHEL,2025-02-10T11:15:00.000+00:00,2025-02-11T20:00:00.000+00:00,2025-02-10T11:15:00.000+00:00,2025-02-11T19:10:00.000+00:00,MUSC3,MUSSALO (KONTTI),0.0,0.0,14.0,0.0,11639,Hankon.p.alem,FIXED,2025-02-12T08:00:46Z,,,,GOOD,,OFF,3
246650000,0.0,344.4,5,0,True,True,140,29,1739349088991,60.215873,25.186413,3215577,2025-02-12T08:05:02.000+00:00,OOCL Rauma,50,9462794,NL,FIHEL,FIKTK,PLGDN,2025-02-12T04:00:00.000+00:00,2025-02-12T18:00:00.000+00:00,2025-02-12T02:55:00.000+00:00,,VD4,Vuosaaren satama,0.0,0.0,14.0,,11639,Hankon.p.alem,FIXED,2025-02-12T08:00:46Z,,,,GOOD,,OFF,3
