mmsi,speed,course,nav_status,rot,pos_accuracy,raim,heading,timestamp,timestamp_external,latitude,longitude
354298000,0.0,360.0,8,-128,True,True,219,10,1715598131198,60.454183,22.119075
538090271,0.0,347.0,5,0,True,False,258,46,1559841347431,61.1305,21.428833
230011170,0.0,338.3,15,0,False,False,148,46,1622537148307,59.974988,24.390772
219105000,11.7,257.4,0,0,False,True,255,16,1732319417644,59.435697,22.243322
305676000,0.0,125.2,5,0,True,True,32,57,1556521017747,59.460033,24.650598
538008371,3.5,42.7,3,0,True,False,157,8,1633326668174,60.017988,25.496587
219024275,0.0,33.6,0,0,False,True,511,10,1539764171861,60.366488,25.589428
230149950,0.2,161.7,0,127,False,False,155,53,1728928134182,61.608667,21.515777
374855000,0.0,197.1,5,0,True,False,136,16,1739349136070,59.45961,24.651078
230106870,8.4,332.4,15,127,False,False,337,47,1737973906979,63.180273,21.229652
205084000,0.1,339.4,0,0,False,False,139,12,1539956952804,60.216633,25.188063
230117180,0.1,22.0,0,127,True,False,177,16,1732465037578,59.45517,24.719933
671320100,0.0,120.7,5,0,True,False,311,51,1669120371760,59.452165,24.605212
230997350,23.9,190.9,0,5,True,False,188,36,1726557576473,60.01807,24.30367
219024526,0.0,289.9,15,0,False,False,260,15,1546516401061,60.36646,25.58946
230176150,0.0,301.8,5,0,True,False,62,56,1739349116439,60.433352,22.229025
230028000,0.0,300.6,0,0,True,False,317,13,1568629874142,59.864055,23.234873
636009315,0.0,0.0,1,128,False,False,511,32,1542808055001,59.46051,24.651065
230997590,7.8,45.8,0,0,True,True,46,1,1603777142356,59.97721,24.44618
209813000,0.0,307.0,0,-128,False,False,511,31,1608366931261,60.214352,25.199482
230005150,10.1,45.4,0,0,False,False,47,43,1727180803739,60.013347,24.274008
230943780,0.0,360.0,5,-128,True,True,511,43,1558330063665,63.84188,23.023778
245186000,0.0,216.8,5,0,False,False,22,12,1659966251697,59.456715,24.702785
257005688,0.0,29.3,15,0,False,True,205,53,1567505754987,60.337432,25.578167
636021877,11.5,100.0,0,0,True,False,99,11,1739349251942,59.9756,26.87475
210118000,0.0,0.0,5,0,False,False,110,48,1641900768914,60.457647,22.046675
230059760,0.0,54.0,0,0,True,False,197,51,1732000490624,60.431602,22.222908
305175000,10.0,252.1,0,0,True,True,254,6,1739349245709,59.98122,26.26826
276272000,0.0,265.0,5,-128,False,False,511,36,1739106278107,59.45162,24.60535
970222278,102.2,105.0,15,128,False,False,511,62,1549019212492,63.600643,20.489283
219024726,0.0,0.0,15,0,False,False,265,46,1557386267523,60.36647,25.589457
230151590,0.0,245.2,0,0,False,False,275,37,1737552398353,61.126755,21.461943
219024342,0.0,248.4,15,0,False,False,215,2,1539763866197,60.366657,25.589323
246321000,0.0,360.0,5,0,True,True,222,49,1627364813663,59.461995,24.712822
236750000,0.0,259.1,5,2,True,True,42,57,1737714656939,59.49799,24.816988
645246000,0.1,194.5,0,128,True,True,511,57,1539944158479,64.999938,25.404682
209010000,0.0,48.6,0,-128,False,True,511,60,1589348591696,63.843962,23.01977
230174780,19.8,289.9,15,49,True,False,511,45,1704875086420,60.164433,25.130153
230117980,0.0,360.0,5,0,True,False,47,26,1678796547363,59.863728,23.23426
257274400,0.0,289.4,0,128,False,False,511,11,1550592552833,60.443525,22.154242
230034000,0.0,304.3,0,0,True,False,229,25,1617785006776,59.8634,23.234373
212385000,0.0,247.4,5,0,False,False,321,3,1739349242486,60.01486,23.927773
219165000,0.0,18.0,5,0,True,False,140,23,1541497468592,60.163717,24.956167
230029000,0.0,10.5,5,0,True,False,318,21,1620370702379,59.864052,23.234875
230174860,0.0,44.3,0,0,True,False,294,43,1735892864376,60.11293,20.295607
257055660,0.0,360.0,0,128,True,True,511,52,1545899214798,63.827873,23.037057
311000324,8.0,81.1,0,-127,True,False,73,55,1722945174944,60.204603,26.712267
219024673,0.0,0.0,5,0,False,False,290,52,1545221393039,60.357317,25.641855
245839000,0.0,0.0,5,0,False,False,359,40,1624003062491,59.464847,24.648097
257164000,0.0,330.7,5,-4,True,True,319,47,1739349226572,60.419545,26.900997
230010000,13.1,86.8,0,9,True,False,87,16,1734077777286,60.212215,21.629275
255806482,0.0,49.5,5,0,False,False,121,45,1712219204386,59.461548,24.652847
230023000,0.0,191.3,0,0,True,False,55,27,1541596230671,59.863722,23.234498
245302000,10.0,54.6,0,0,False,False,55,5,1739349246380,59.479013,20.087178
245433000,12.6,176.3,0,0,False,False,175,1,1550372406911,59.538435,20.086413
231259000,0.0,70.9,0,0,False,False,28,44,1545211785035,59.824373,22.947477
230003110,0.1,218.0,0,0,True,False,96,9,1739349251065,64.666337,24.406418
215898000,0.0,194.0,1,-128,True,False,511,34,1632318104230,60.158592,24.927147
677069900,0.0,209.0,1,0,True,False,284,51,1739349233349,59.898517,26.13775
314238000,0.0,0.0,5,-128,True,True,511,27,1739349147819,59.456545,24.704463
235091541,0.0,332.4,5,-128,False,False,511,49,1664544468401,59.891302,24.158865
240147000,0.0,15.0,5,0,False,False,274,49,1651041290768,60.4513,22.03255
234603904,19.0,266.0,5,0,False,False,267,59,1734464520898,59.65313,24.273028
230122260,18.2,292.4,0,-128,True,True,511,46,1645178927277,63.843653,22.987477
257052230,0.0,199.7,5,128,True,False,511,26,1540276650563,63.827813,23.036235
235029263,3.1,188.8,8,0,False,False,511,0,1721209696037,59.49032,24.746058
636022800,0.2,286.9,1,-7,True,False,271,24,1739349145157,59.83663,25.93907
983542158,0.0,360.0,0,-128,True,True,511,13,1689322874035,59.451008,24.765422
636092012,0.0,272.9,5,0,True,False,44,15,1674898696338,59.461973,24.713213
255804760,0.1,170.0,1,8,True,False,261,38,1739349162284,60.191568,26.35534
248145000,0.0,42.9,5,-128,True,False,511,46,1687428408556,59.462102,24.713153
276675000,0.1,239.7,0,-13,True,False,358,3,1739349244642,59.457445,24.719343
210553000,10.4,25.8,0,0,False,False,27,7,1739349247038,63.486825,20.67537
231260000,0.0,265.6,5,0,True,True,49,6,1560170826135,60.434433,22.232117
230015790,0.0,281.5,0,-128,False,True,511,51,1632002750946,59.58695,25.614528
219031111,5.2,193.6,0,11,True,False,198,8,1739349249638,59.50765,24.965017
230992250,0.0,331.8,0,0,True,False,246,12,1739349251402,60.117103,20.295103
230128770,1.0,310.3,0,0,True,False,148,2,1739349251257,60.207707,20.272623
230939840,32.2,350.7,15,127,True,False,350,49,1621339789305,63.867687,23.007627
230111690,0.0,0.1,5,0,True,False,62,44,1739349101187,60.168705,24.970393
230051150,8.0,242.6,0,127,False,False,240,15,1729413194536,61.990898,24.099053
230188800,0.0,360.0,15,-128,True,True,511,13,1733225474193,59.967968,24.410525
219024525,0.0,64.7,15,128,False,True,511,5,1546419489671,60.366545,25.589348
230991710,0.0,360.0,5,-128,False,False,511,38,1697711740393,59.45985,24.708982
255806291,0.0,304.4,5,0,True,True,31,23,1739349143908,59.526695,26.545635
249302000,10.1,254.8,0,0,True,False,255,5,1739349248210,60.008947,26.467668
230939770,0.0,269.3,15,0,False,False,99,3,1660745343278,60.164078,21.710403
232002833,12.1,108.8,0,0,False,False,111,7,1679554569012,59.626153,24.584585
305381000,0.0,295.7,5,0,True,False,302,49,1607963929475,59.458472,24.70469
209170000,0.1,95.0,5,0,False,False,213,10,1738069632523,59.444,24.771667
235069661,2.5,65.9,0,127,True,False,53,15,1622438838185,59.912545,24.901105
265756850,0.0,360.0,15,-128,True,True,511,48,1556630628556,60.019148,22.505787
265500780,14.0,253.0,15,0,True,False,252,51,1559892952703,59.475308,21.509932
311645000,12.2,239.9,0,0,True,False,239,28,1635071608069,59.519248,22.557423
276837000,0.0,17.2,5,-128,False,False,511,23,1739349145157,59.456957,24.656112
212946000,0.0,322.8,5,0,False,False,137,51,1570777610959,59.459943,24.650767
636016683,0.1,350.0,5,1,True,False,185,60,1739349149475,60.29775,25.546833
230997240,16.1,65.4,0,9,True,False,66,8,1738053909097,60.145212,25.330753
230997540,10.1,174.4,0,0,True,False,178,37,1732352977840,60.013658,22.799433
299999911,0.0,235.4,15,0,True,False,284,44,1540201127418,60.166278,24.705593
244719000,0.0,360.0,5,-128,False,False,511,44,1650719324107,60.27129,22.308048
304010444,0.0,243.2,5,0,False,False,243,55,1549963976544,59.45637,24.702333
230984090,0.0,7.0,5,0,False,True,222,49,1739349109208,61.1308,21.447465
255805958,0.0,102.2,5,0,True,False,296,28,1551953130830,63.862877,23.033195
276843000,0.0,4.0,5,-128,True,True,511,27,1600004067800,59.442903,24.758767
230126940,0.0,184.5,0,-128,False,False,511,0,1739111400612,60.434275,26.86373
305674000,0.0,85.2,5,0,False,False,124,28,1547646152894,59.460137,24.657375
219024674,0.0,213.4,5,0,True,False,120,48,1556867149326,60.357157,25.642198
230992370,0.0,52.6,0,0,True,False,232,53,1737459232413,59.901855,23.262938
273351510,0.0,360.0,5,0,True,True,246,44,1552329707122,59.458182,24.709433
230012470,0.0,64.6,5,-128,False,True,511,52,1566385791973,60.406553,26.251235
230939640,0.0,212.7,15,0,True,False,124,8,1725985149203,59.810602,22.914125
210097000,102.3,360.0,4,-128,False,False,511,32,1714991246854,60.406717,26.251983
355065000,0.0,17.8,0,-128,True,False,511,47,1582708669422,59.450992,24.669703
305675000,0.0,104.0,5,0,True,True,28,18,1551683240844,59.460802,24.651547
230038800,0.0,120.6,0,0,True,False,228,50,1734502789787,60.147312,24.921095
232042134,0.0,307.4,15,-128,True,True,511,44,1721898824271,59.557437,24.553435
230997340,30.0,22.3,0,-11,True,False,22,15,1732113736143,60.326787,22.061843
373663000,0.1,350.0,5,0,True,False,111,7,1739349128450,61.127155,21.42678
314493000,0.1,269.0,5,0,True,False,246,7,1591874709544,59.458,24.704667
219024524,0.0,0.0,15,0,False,False,75,52,1547188014458,60.366538,25.589492
230024450,0.2,3.9,0,-5,True,False,129,58,1731052619054,60.389187,22.08676
230150090,0.0,237.6,0,-128,False,False,511,4,1585227185088,60.419767,22.386727
265513160,0.0,60.0,0,128,False,False,511,35,1550155656338,63.696232,20.34609
211003526,0.0,0.0,3,0,True,False,38,9,1576947369895,60.454955,22.120245
636023759,0.0,32.5,5,0,False,False,108,46,1739349107347,59.459317,24.703653
276425000,10.3,101.7,0,28,True,True,110,59,1732598220193,59.621738,24.752272
230026000,3.8,229.5,0,-127,True,False,233,38,1654247019885,59.865827,23.239055
265652480,0.0,0.0,5,0,False,False,215,1,1598514844622,63.08135,21.570968
276999990,10.0,81.0,0,0,False,False,81,60,1719481795998,59.587133,26.706715
276015540,0.0,0.0,0,-128,False,False,511,8,1739349249005,59.455115,24.738043
357449000,11.6,257.0,0,0,False,False,256,55,1624718635166,59.8552,25.0227
230041310,0.0,144.9,15,0,True,False,234,20,1625052440087,60.4543,22.034428
234569000,23.2,196.9,0,0,False,False,197,3,1697979544764,59.4698,21.212467
236111951,0.0,295.3,5,-128,False,False,511,12,1637657472072,59.456655,24.704645
230656000,0.0,61.6,5,0,False,True,157,41,1567333422413,61.597402,21.46943
224800000,9.5,185.4,0,-128,True,True,511,39,1713198219424,59.95965,24.958805
230996550,0.0,169.4,0,-128,True,True,511,58,1705328639358,63.706828,22.689922
235097855,0.1,325.4,1,254,True,False,138,27,1552487427667,60.273003,25.540375
230032000,0.0,3.6,0,0,True,False,271,50,1610364171413,59.862962,23.232313
230983110,0.0,360.0,0,-128,True,True,511,34,1619865034890,60.178417,24.969925
219024728,0.0,0.0,5,0,False,False,80,30,1558084411770,60.366512,25.58943
219024434,0.0,221.6,0,128,False,True,511,15,1540198399251,60.3666,25.58929
256074000,0.0,360.0,5,0,False,False,2,19,1546160061381,59.464498,24.647775
246230000,0.0,0.0,5,0,True,False,255,12,1548768255779,59.458987,24.715333
245279000,11.3,188.7,0,0,False,False,188,6,1739349245421,59.534873,19.95897
230116670,24.6,8.7,0,-127,True,False,9,1,1713966842189,60.05173,21.974453
230047540,0.0,82.8,5,0,True,False,262,21,1729418001525,61.746235,25.263182
990099009,0.0,27.5,15,-128,False,True,511,24,1568554043873,59.499413,24.814158
230157780,0.0,2.4,5,0,True,False,175,27,1730180908117,59.900988,23.268202
566838000,0.0,242.4,5,0,False,False,121,21,1669278262309,64.679578,21.246235
230117960,0.0,158.0,5,0,True,False,231,1,1678801922466,59.863885,23.234612
244741000,0.0,179.1,5,0,False,False,346,15,1628669537805,59.450203,24.670197
233303000,11.5,283.0,0,0,True,False,282,8,1562398867653,59.665332,24.469158
230111580,0.9,360.0,0,-128,False,True,511,58,1730916239095,61.129353,21.453
222222222,0.0,0.0,5,-128,False,False,511,47,1579598867892,59.43323,24.828855
235081933,0.0,238.2,5,0,False,False,59,55,1714557656270,59.455383,24.7017
376317000,0.0,198.5,5,0,False,False,59,10,1615191730767,59.455433,24.701783
230942510,0.0,199.7,0,8,True,False,283,6,1723817047379,60.599428,21.251658
229000922,12.5,181.9,15,127,False,False,174,26,1562570545751,59.413843,23.080403
230117910,0.0,276.5,0,0,True,False,188,33,1723100434881,59.8408,23.323347
249387000,13.4,346.7,0,0,False,False,345,7,1739298068089,64.87997,21.829288
538005263,0.0,187.0,15,-128,False,False,511,30,1715819025003,59.8304,25.764017
636091531,10.6,96.4,0,0,False,False,95,47,1709769270826,60.363792,26.907048
250005054,0.0,141.0,5,0,True,False,141,49,1603108012058,59.455448,24.665852
319068100,0.0,102.5,0,0,True,False,209,44,1567784865411,60.152897,24.924273
255854000,8.9,50.3,0,0,False,False,49,8,1739349250293,59.493978,20.146008
230113670,4.2,266.2,8,-128,True,False,511,7,1564322948293,60.194817,25.400207
235069664,0.0,277.3,1,-127,True,False,181,26,1701127587672,59.85473,23.252382
212709000,0.1,332.4,3,0,True,False,166,11,1611344290550,60.213945,25.199872
230283000,11.8,299.7,0,0,False,False,296,17,1546536199048,61.864568,20.17831
230997560,10.3,54.9,0,0,True,False,55,52,1731010553013,59.79497,23.05628
273542630,0.1,170.5,0,-128,False,False,511,1,1563291721227,60.130272,26.979525
230116660,15.5,330.2,0,0,True,False,329,33,1719825273463,59.862307,23.25941
253736000,6.4,262.0,0,-127,False,False,264,60,1601914877985,59.504333,24.554667
538090304,0.0,200.0,5,0,True,False,318,54,1560248516251,60.418333,26.915
276869000,0.0,338.2,5,0,True,False,165,46,1739349109064,59.458827,24.716118
636017464,0.0,90.0,5,0,False,False,138,40,1603548039596,59.504162,24.99697
209810000,0.0,181.2,0,0,False,False,169,6,1557470286250,60.407135,26.252373
276010230,2.8,360.0,5,-128,False,False,511,30,1721100630713,59.64745,25.754353
219024855,0.0,0.0,15,0,False,False,115,27,1566972748549,60.357227,25.641923
375581000,0.0,360.0,5,0,True,True,246,33,1558079373255,59.458153,24.705098
970222297,102.2,132.1,15,-128,False,False,511,62,1609519523648,63.583383,20.449067
230022000,0.0,91.8,0,0,True,True,103,7,1610609288326,59.86361,23.23076
230118060,24.8,170.5,0,-128,True,True,511,9,1601707749855,59.847477,23.319568
230116610,27.1,269.0,0,0,True,False,269,15,1645430596065,59.879175,23.276188
231262000,0.1,338.7,5,0,True,True,229,52,1560171654373,60.434218,22.231565
230168040,0.0,143.9,0,0,False,False,284,25,1727966365651,61.126487,21.449347
987654321,0.0,0.0,5,-128,False,False,511,39,1617098382946,59.441767,24.76757
371602000,11.4,255.5,0,0,False,False,254,41,1567784861105,59.709682,23.800437
563067400,0.1,357.9,5,-7,True,False,281,27,1607339430394,59.49435,24.956462
230116680,29.6,70.7,0,0,True,False,70,47,1713985368300,60.269792,21.94855
230147080,0.3,36.3,0,0,True,False,76,0,1728713461179,63.702712,22.692442
376593000,0.0,360.0,15,-128,False,False,511,11,1569567731647,59.459015,24.707583
230005650,0.0,301.2,5,-128,False,True,511,60,1649850342826,60.079888,19.934342
265585620,0.0,31.1,0,0,True,False,343,59,1739061778770,64.675683,21.287452
230291000,0.0,187.4,5,0,True,False,243,33,1739349213911,60.169027,24.97122
636018645,0.0,321.2,5,0,False,False,317,56,1699993317573,59.503778,24.997653
354327000,11.3,70.9,0,0,False,False,70,7,1739349248765,59.687448,24.213888
230168060,7.4,38.4,0,-127,False,False,36,10,1739349251990,60.226342,22.10502
273449290,0.0,360.0,5,0,False,False,76,46,1574846326298,59.458817,24.714333
636092359,0.0,175.9,5,-14,False,False,254,35,1593849396412,59.459007,24.715532
212947000,0.0,360.0,15,-128,True,True,511,4,1570798025137,59.45981,24.65067
877211688,102.2,25.9,15,-128,False,False,511,62,1629883946370,64.25477,20.982108
273350220,9.4,253.7,0,0,True,True,255,5,1739349245854,59.60455,23.090267
230028670,0.0,264.8,3,-128,False,True,511,19,1633442899155,64.221627,23.714767
616845000,0.0,341.2,0,-128,False,True,511,54,1625485674455,59.458312,24.653653
304957000,0.0,222.8,5,0,True,False,312,44,1739349105790,59.495287,24.941508
230310000,0.0,347.0,15,-128,False,True,511,7,1707917887995,60.16624,24.705705
230996510,0.0,290.6,0,-128,True,True,511,5,1705480686249,63.838447,23.033752
219024727,0.0,347.3,5,0,True,False,110,18,1557927619914,60.357162,25.642192
228739000,0.0,0.0,5,-128,False,False,0,49,1716121730382,59.448278,24.769283
257999279,0.0,357.6,15,128,True,True,245,56,1547212501607,60.438105,26.917273
230002000,8.0,29.5,0,127,True,False,44,9,1739349250488,59.464485,22.257405
255806297,12.2,286.8,0,10,False,False,287,22,1684862124287,59.570582,21.335228
230116510,26.3,199.2,0,0,True,False,201,45,1713876526508,60.310658,22.041922
219011629,0.0,307.9,5,0,True,False,175,54,1680693654982,60.442333,22.219033
636022397,14.8,69.2,0,0,True,False,71,7,1739349248451,59.624277,23.801825
235069571,0.0,2.1,5,0,False,False,242,13,1573569972756,59.456225,24.701848
230994870,0.0,4.0,0,0,False,False,103,10,1739349248909,60.443315,22.155812
574005550,0.0,138.9,1,0,True,False,286,48,1739349173463,59.856578,25.98922
353969000,0.0,116.2,5,0,False,False,299,56,1540988399651,59.465242,24.649757
314188000,0.0,320.2,5,0,False,False,223,4,1729490105303,59.459312,24.70819
412011111,14.1,261.2,0,-128,True,True,511,53,1564419234065,60.006953,26.49454
230111670,14.6,70.9,5,-128,False,False,511,5,1574836559418,60.34098,26.431707
325141700,0.0,127.1,5,0,False,False,208,14,1737449296421,60.152805,24.924187
234638000,13.1,338.5,0,0,True,False,339,42,1544951806309,59.598688,24.687558
215616000,0.0,145.8,5,0,False,False,142,33,1657564944588,60.158598,24.927113
538009109,0.0,12.0,1,0,True,False,269,30,1739349090849,59.84865,25.962083
230994880,0.0,0.0,5,0,True,True,321,36,1739349096163,60.432313,22.216988
261187000,0.0,113.7,5,0,True,False,289,19,1718610620871,61.123337,21.452675
370743000,0.0,360.0,2,-128,True,False,511,11,1553588171818,59.458248,24.709447
230116640,0.0,180.1,5,0,True,False,53,5,1660393865712,59.863918,23.233967
538090268,0.0,182.0,5,0,False,False,260,36,1560428558392,61.130617,21.429113
477177400,12.0,237.0,0,-5,False,False,235,23,1628353762476,59.4343,22.323628
230942860,0.0,360.0,3,-128,True,True,511,34,1729746634422,60.436047,22.23626
209119000,0.0,125.1,5,0,True,False,211,11,1621236552273,59.461353,24.652197
230116550,0.1,65.9,0,0,True,False,333,37,1606215578742,59.840833,23.328147
230192000,0.0,96.8,15,-128,True,False,511,4,1739349244594,60.471297,26.946932
312226000,0.0,9.5,5,2,False,False,256,16,1596019517569,59.45902,24.715385
234612000,4.9,16.0,0,0,False,False,12,50,1685861751814,59.455205,24.783253
257581000,0.0,30.0,15,0,True,False,46,49,1628181772703,59.5058,24.99555
230051160,3.2,236.5,0,-127,True,False,226,56,1661537215786,61.270305,24.040878
209030000,0.1,301.0,5,0,True,False,31,45,1619924867926,59.460517,24.651233
244378605,0.0,66.1,15,-5,False,False,511,51,1639045552919,60.402145,26.258343
230045240,0.0,3.0,0,0,True,False,217,6,1739349246235,60.275413,26.445517
375258000,0.0,342.0,5,128,False,True,511,55,1548318658812,59.459317,24.703805
230111111,0.0,304.9,5,0,False,False,240,36,1604593359097,62.95333,21.553265
230983710,0.1,190.4,15,-128,False,False,511,31,1610100332234,60.500717,21.61384
987534126,0.0,0.0,5,-128,False,False,511,7,1702648030126,59.441885,24.767935
677083800,0.1,325.8,1,0,True,False,283,49,1739349170154,59.851108,25.919355
228768000,11.4,291.8,0,-128,True,True,511,36,1625065296577,59.578942,23.95435
230157740,15.1,278.4,0,127,True,False,277,4,1739199904631,59.882765,25.408713
265563250,0.0,218.1,15,-128,False,False,511,43,1690483303686,64.68339,21.222403
230939680,28.8,177.3,15,127,False,False,179,0,1658823839559,60.08057,19.929525
211814390,10.9,328.7,8,0,True,True,327,54,1636465554710,63.85014,23.006662
240653000,0.0,167.7,1,4,True,False,277,50,1739349230128,59.835817,25.745333
230027000,0.0,114.6,0,0,True,False,221,47,1688393987518,59.864548,23.234377
305371000,0.0,249.0,5,0,False,False,223,49,1739349176907,59.459333,24.708333
605041230,15.2,278.5,0,0,True,True,271,20,1628172740294,60.005727,26.880308
257100000,0.0,271.5,5,1,True,False,274,42,1608040724019,60.450977,22.036228
230115770,0.0,233.5,0,-128,False,True,511,11,1734438012088,63.08066,21.574322
341693000,0.0,289.5,5,0,False,False,207,53,1549964816572,59.457138,24.70317
246190000,0.0,285.5,5,0,True,False,254,63,1547636726726,59.45901,24.715317
265515740,0.1,178.3,15,-128,False,False,511,51,1711814392418,63.680897,20.335015
220189000,5.7,223.0,0,-5,True,False,226,25,1732317927026,59.453278,22.127112
230167210,0.0,0.0,5,-128,False,False,511,32,1734615814850,63.081983,21.569167
230047000,0.0,54.7,5,0,False,False,103,32,1739349094326,60.160287,24.928388
304523000,0.0,277.0,5,0,True,False,31,2,1611402063648,61.639667,21.3995
265555660,0.0,189.5,15,-128,False,False,511,10,1600709890281,59.640942,25.694018
246766000,0.0,352.8,5,-2,False,False,83,41,1739349161011,61.12648,21.438527
230119910,0.0,17.2,0,0,True,False,270,49,1732181030615,59.90156,23.266843
236727000,0.0,288.7,5,0,True,False,310,7,1614692109659,60.426662,26.920717
230128910,0.0,0.0,0,-128,True,True,511,52,1729346212960,63.276252,21.635955
276456000,0.0,255.7,0,1,True,True,59,30,1597044091116,59.455417,24.701283
304010302,0.0,222.6,5,0,False,False,222,2,1600336262105,60.473832,26.949412
230649000,0.0,338.2,5,0,False,False,23,53,1739349233109,59.456788,24.702962
277577000,0.0,116.5,0,0,True,False,127,48,1663577389678,60.432132,26.651923
235090599,0.0,360.0,0,0,False,False,221,47,1737562367728,59.515603,25.09951
235008930,0.0,360.0,0,-128,True,True,511,29,1737560969443,59.515393,25.099708
230176390,0.0,360.0,15,-128,True,True,511,19,1706191219725,61.135517,21.47606
230030000,25.9,222.9,0,-127,True,False,224,30,1693734151962,59.81026,22.927108
316143000,16.5,233.3,0,0,False,False,231,34,1635885095213,59.478373,22.435658
230992740,12.1,294.7,0,0,True,False,295,11,1739349252542,60.119958,20.611273
341376000,0.0,244.1,0,-128,False,False,511,10,1609751172405,59.45873,24.716213
777777777,0.0,79.1,15,0,False,False,117,0,1658302487187,59.45893,24.705373
230964000,0.0,6.2,5,0,False,False,24,41,1607324621944,60.306963,25.553522
538090677,0.4,326.5,1,0,True,False,261,46,1739349106166,59.580622,24.823255
314152000,0.0,308.2,5,0,True,False,212,14,1612178173742,59.458758,24.658938
230677000,0.0,12.0,0,0,True,False,241,4,1739349245854,60.796078,21.343502
230108280,0.0,174.6,5,0,False,False,358,4,1728926403674,63.719838,22.698482
304585000,0.0,341.9,5,0,True,False,341,19,1739349200918,60.48181,26.97505
235117473,0.0,360.0,5,-127,True,True,261,28,1631964508624,61.126333,21.431963
277179000,10.5,5.0,0,0,True,False,1,13,1732375334363,59.904665,21.63504
215579000,0.0,90.0,5,0,False,True,257,20,1594208781100,59.458667,24.712333
210028000,18.0,72.3,0,0,False,False,73,7,1739349248355,59.621628,23.837503
230183280,0.0,213.3,4,-128,False,False,511,10,1737956109387,60.437735,22.219112
338926100,13.2,270.7,0,0,False,False,269,6,1668094987602,59.505567,24.334133
209953000,0.0,274.0,5,0,True,False,9,14,1679312774239,59.450435,24.670077
219158000,19.7,342.5,0,-11,True,False,342,10,1669744691885,59.513802,22.780997
230140440,0.0,0.0,0,-128,False,False,511,2,1730891402909,60.090117,19.95627
276013230,0.3,360.0,0,-128,True,True,511,47,1730458127695,59.644907,25.756255
566917000,13.5,257.0,0,0,True,False,258,38,1568145458886,59.830917,24.823517
355724000,0.0,41.4,5,0,False,False,352,40,1555407041544,59.450948,24.670005
275469000,0.0,213.3,15,-128,True,False,511,36,1678384600213,59.457738,24.703648
276859000,21.4,341.0,0,0,True,False,340,8,1739349248148,59.520002,24.742662
250016000,0.0,295.7,0,0,False,True,207,60,1557818964174,59.458575,24.659908
352003749,0.1,314.8,1,0,True,True,282,1,1739349241162,59.867827,26.087762
265831000,5.1,16.5,0,0,False,True,18,20,1558040959967,63.831677,20.837348
230157020,0.4,317.4,0,-128,False,False,511,56,1662886206265,60.148415,24.783795
244826000,0.0,0.0,15,0,True,False,0,43,1623935205112,59.464928,24.647693
230175280,0.0,129.7,5,0,True,False,1,4,1713246845208,60.33766,25.578732
236112003,0.0,272.3,5,0,False,False,42,11,1625035211204,59.458937,24.707413
230939810,0.0,264.9,0,0,False,False,266,0,1709973900068,59.92976,20.859673
244302000,0.0,16.9,5,-128,False,False,511,41,1555488641439,59.458908,24.658917
538007948,13.4,69.0,0,0,True,False,71,7,1739349247593,59.62705,23.775433
249110002,0.1,77.0,8,-128,False,True,511,31,1566957330920,59.88733,26.850218
230028850,0.0,296.1,5,-128,False,True,511,29,1734370768489,60.105128,19.946093
211211840,13.1,256.6,0,-127,True,False,257,22,1713196883757,59.824082,24.708003
230125060,17.3,277.7,0,-128,True,True,511,20,1725564141253,60.090472,24.881558
230986590,0.0,67.9,0,0,False,False,135,41,1596637660751,59.454793,24.73925
255806303,11.6,12.0,0,-128,False,False,511,11,1739349250920,62.846168,20.123155
230705000,11.9,194.4,0,23,True,False,197,9,1739349251305,60.14809,24.999313
211219560,0.1,360.0,5,-128,True,True,511,20,1561700000673,60.316263,22.31398
305665000,0.1,1.2,1,-14,False,False,257,35,1739349036090,59.58058,26.510185
255806228,0.0,353.6,5,0,False,False,41,17,1649234237276,59.461538,24.712028
419000044,6.6,237.5,0,0,False,False,237,16,1722451877574,59.4016,22.236458
276797000,0.0,161.0,5,0,True,False,275,56,1726615437142,59.558067,24.795063
244339000,0.0,246.3,5,0,False,True,54,35,1625051736008,59.461037,24.651948
230040000,13.6,158.3,0,-7,True,False,158,3,1739349243607,63.32666,20.718368
230183810,0.0,326.8,11,-2,True,False,511,21,1739186482367,61.593642,21.46437
265763390,12.2,315.0,5,127,True,False,315,16,1695371776368,64.948282,21.321777
230168020,10.8,1.9,0,0,False,False,3,31,1722349951433,59.956618,24.389122
538006482,13.4,84.3,0,47,True,True,340,21,1702690567779,59.762763,24.799272
245482000,0.0,360.0,5,0,True,True,343,3,1623318664171,59.450167,24.670232
230938640,0.0,12.9,0,-128,False,True,511,59,1729598998569,60.14523,24.983712
230151360,0.0,349.3,0,0,False,False,30,37,1728049358597,60.402803,26.260778
230014000,0.2,216.1,0,23,True,False,190,26,1736157386611,59.863717,24.588803
230641000,0.0,318.0,2,0,False,False,165,49,1601378091077,64.656767,24.40765
219024729,0.0,103.0,15,0,True,False,115,38,1566983739729,60.357162,25.642185
372811000,11.1,232.2,0,0,False,False,230,29,1728289769008,59.462943,22.421972
246646000,0.0,253.0,5,0,False,False,253,16,1655979138125,59.458713,24.713743
230981210,0.1,337.3,0,0,False,False,284,60,1723800500843,64.220517,23.717367
211814400,0.0,360.0,0,0,True,True,173,44,1637743844452,63.68116,20.333427
230252000,12.4,7.0,0,0,True,False,6,6,1739349247401,64.861683,24.189827
230070680,0.0,0.0,0,-128,False,True,511,7,1610781068263,60.209022,25.189857
230175250,0.0,360.0,8,0,True,True,193,43,1684775083718,60.442272,22.15242
255619000,11.0,13.7,0,0,False,False,13,3,1739349242789,62.50055,20.036863
230116540,7.7,196.8,0,-127,True,False,201,49,1662023990334,59.777463,22.945265
230067160,0.0,360.0,0,127,True,True,356,50,1728629571251,60.466953,26.93353
244000329,0.0,92.4,15,-7,False,False,511,37,1651665459145,60.40249,26.258577
311011178,0.0,360.0,0,-128,True,True,511,45,1686650386282,60.45417,22.119382
230119390,2.2,47.4,0,-128,True,True,511,35,1667474975414,59.775662,22.945843
230325000,0.0,0.0,5,-128,True,False,511,1,1557997442451,60.454592,22.03419
256312000,0.0,351.2,5,0,False,False,212,49,1607944909202,59.458642,24.659675
245483000,0.0,240.1,5,0,True,False,42,3,1601548025955,59.458792,24.7074
230125940,0.0,284.4,0,0,False,False,157,3,1739349244016,60.205717,25.624017
230937650,0.0,326.8,5,0,False,False,299,0,1739349241162,61.123233,21.452303
230993680,0.0,256.8,0,0,True,False,105,10,1739349249686,60.4435,22.15382
244750716,0.2,272.0,1,0,True,False,336,35,1739346514988,64.665167,21.533167
230109470,0.0,326.4,0,0,True,False,152,10,1739349249494,59.808827,22.910568
983542151,0.0,360.0,0,-128,False,False,511,49,1689334309795,59.4514,24.765847
230940680,8.4,12.5,0,0,False,False,11,14,1733817853332,60.3322,25.574952
261217000,13.0,202.9,0,0,True,False,204,57,1630566478272,59.43583,19.993498
21000000,0.0,333.7,5,-128,False,True,511,58,1739179258049,59.428825,24.815488
230111070,0.0,299.4,5,-128,False,True,511,1,1730020681142,60.189882,21.96864
266431000,0.0,74.9,15,0,True,False,121,37,1640869898980,59.497972,24.940357
256225824,0.0,27.2,0,0,False,False,287,25,1565776165015,60.44362,22.153613
230117940,0.0,17.2,0,0,False,False,152,33,1666959094174,59.840653,23.328343
538009168,0.0,210.8,5,0,False,False,309,15,1739349196579,60.426128,26.92232
304080887,0.0,13.5,5,0,False,False,100,21,1614759562912,61.126593,21.447465
209099000,0.1,206.8,0,0,False,False,139,40,1608370480248,60.214298,25.199323
215506000,0.0,160.5,5,0,True,True,312,24,1685480425886,59.494567,24.955417
230603000,0.1,60.0,1,0,True,False,19,29,1638526230375,60.264782,25.540747
230149390,0.1,360.0,0,-128,True,True,511,34,1657521754653,60.444635,22.13766
273335320,0.0,0.0,5,0,True,True,343,42,1607514644391,59.458403,24.716503
377134000,0.0,264.2,5,0,False,True,31,35,1614072455679,59.456833,24.704842
261298000,17.6,182.6,0,0,False,False,186,20,1630576522932,59.516417,20.063967
276008340,0.0,0.0,5,-128,False,False,511,54,1688110254395,59.441583,24.7588
230991258,0.0,360.0,0,-128,True,True,511,4,1739349244738,60.460727,26.963932
477250300,11.1,257.5,0,0,True,False,259,54,1622552127079,59.849162,24.973917
230087400,0.0,360.0,0,-128,True,True,511,22,1725622222497,60.013793,23.948678
230965000,0.0,316.2,5,0,True,False,330,1,1610354521806,60.416392,26.253765
271048242,0.0,293.9,5,0,True,False,10,29,1618908510445,59.497253,24.940843
230059770,31.4,163.7,0,0,False,False,161,21,1729938440993,61.037118,25.606883
636023604,0.0,360.0,5,-128,False,False,511,2,1712654822890,59.494308,24.956162
246252000,0.1,235.0,5,0,False,False,243,26,1621929026851,59.458053,24.70497
209468000,0.0,251.0,5,1,True,True,246,41,1628082702304,59.457967,24.70465
319278400,0.0,360.0,5,0,True,True,224,41,1726318481558,59.451,24.605832
230940100,0.0,46.6,0,0,True,False,128,55,1738914115867,60.20598,20.277737
229271000,0.0,0.0,5,-128,False,False,511,29,1624011692616,59.461192,24.653685
235024629,0.0,349.8,5,-128,True,True,511,40,1624960360249,60.444017,22.252975
219047000,0.0,0.0,3,0,False,False,300,39,1616662058396,59.46515,24.6503
230939250,0.0,348.8,5,-128,False,True,511,36,1739348916462,63.837275,23.038105
227999999,11.8,242.1,0,-128,True,True,511,57,1685378937761,59.466962,22.2963
5,11.8,247.2,0,-128,False,False,511,2,1711517284206,59.531375,22.595668
230168010,4.7,76.9,8,127,True,True,100,56,1664972397198,59.818645,22.964993
235117951,0.0,0.0,1,-128,True,False,511,36,1619241817329,63.71888,22.69879
230088060,0.1,34.2,5,18,True,False,53,41,1734617442021,61.605705,21.457133
246521000,10.6,108.2,0,0,True,False,111,5,1739349245132,59.73819,20.360777
230999997,0.0,213.5,5,0,False,False,289,34,1720702777108,61.123418,21.452913
276007320,4.7,134.4,0,0,True,False,178,15,1738772956526,59.70962,24.466043
255806048,11.8,264.0,0,32,True,False,257,43,1681380405805,59.65546,23.402513
230939800,9.1,213.1,15,-127,False,False,208,43,1670075862841,60.034245,20.322482
230116590,21.0,40.1,0,-127,True,False,41,38,1713899979209,60.224133,21.762287
309813000,12.3,246.6,0,5,False,False,247,53,1619338134784,59.499457,22.508792
275529000,0.0,254.8,5,0,False,False,331,14,1725365114910,59.45341,24.662458
271048585,0.0,360.0,5,0,True,True,11,55,1623160315705,59.497248,24.940873
276743000,0.0,312.3,5,0,True,False,32,24,1714634125744,59.457138,24.719857
304786000,0.0,300.0,5,0,False,False,302,53,1576825553798,59.464915,24.651223
341988000,17.2,257.6,0,0,False,False,257,8,1739349248621,59.966852,26.078527
230155650,0.0,360.0,3,-128,True,True,511,39,1659696039980,60.082192,24.374708
230988340,10.9,166.8,0,0,True,False,162,41,1732111182453,60.14115,22.146917
230053190,7.9,343.8,0,0,False,False,342,7,1668156966539,60.095113,19.923905
368702000,14.4,258.4,0,-128,False,False,511,42,1659985183717,59.491992,22.359505
239039000,0.0,48.6,5,0,False,True,105,24,1589355564384,63.843762,23.019838
305706000,0.0,358.8,5,0,True,False,122,46,1597123432725,59.462488,24.650253
230119260,0.0,360.0,5,-128,True,True,511,14,1693663154782,60.442847,22.130642
230021000,0.5,85.6,5,127,True,True,52,13,1662274154018,59.865722,23.238177
230364000,0.0,241.0,5,0,False,False,2,27,1668862107809,60.10278,19.946042
231804000,0.0,258.1,5,0,True,False,280,53,1623841675985,60.43964,22.215482
235059765,0.0,120.7,5,0,False,False,302,24,1683534383385,59.458632,24.704487
230996540,0.0,307.7,15,-128,True,True,511,29,1724917530211,63.21133,21.144097
219024857,0.0,10.0,15,-128,False,True,511,43,1567588604358,60.357238,25.641935
230980000,0.0,281.1,5,0,True,False,299,31,1739349152765,60.164322,21.705188
211116660,10.0,271.8,0,0,True,False,272,3,1737466084314,59.504707,24.384107
230091500,0.0,352.0,5,0,True,False,157,32,1739349211394,63.710422,22.68872
229570000,11.3,260.0,0,0,False,False,259,59,1624718639995,59.858333,25.120283
276010130,0.0,143.2,0,0,False,False,274,16,1739061676290,59.455057,24.738135
230939790,0.0,259.8,15,0,False,False,354,10,1663763949943,61.127232,21.472305
538003952,12.7,230.0,0,0,True,False,230,28,1629207447372,59.427017,22.355067
230980960,0.1,263.4,0,-128,False,True,511,60,1690877272027,63.085528,21.553658
538004996,11.9,256.6,0,0,False,False,340,58,1642491899486,60.016133,26.514778
230176030,0.2,360.0,5,-128,False,True,511,24,1730899225230,60.116433,24.413203
210533000,11.7,73.3,0,0,False,False,75,3,1739349244209,59.66608,23.330155
265704520,0.0,14.6,5,-1,False,False,88,48,1739349227278,60.44359,22.21795
230994850,0.0,360.0,0,-128,True,True,511,29,1572377549368,60.435833,22.23589
235090339,0.1,109.3,0,-128,False,False,511,21,1664544620831,59.89139,24.158858
230939690,0.0,296.9,0,0,False,False,12,58,1605077218113,60.461153,26.964037
230175260,0.0,214.7,5,0,True,False,135,32,1686204273335,59.864217,23.23475
230168030,0.0,88.6,0,0,True,False,141,49,1723027009654,60.025622,24.360255
235000940,0.0,282.1,5,0,False,False,202,47,1630949566833,59.525168,26.545025
257368500,0.0,0.0,5,-128,False,False,511,35,1670239296697,59.453283,24.737238
338926878,3.1,327.0,0,-79,False,False,319,51,1667462632671,59.673325,23.185158
230116580,10.7,88.2,0,0,True,False,88,56,1714373516955,59.852328,23.455073
211814370,0.0,360.0,8,0,True,True,58,18,1635764239242,63.680227,20.333427
209718000,0.0,183.0,5,0,True,False,45,47,1628072866490,59.498067,24.817238
538004284,0.4,9.4,5,0,True,False,305,1,1692266002741,60.424733,26.9252
265745430,2.3,147.0,15,-128,False,False,511,50,1690819010483,63.668417,20.332148
304665000,0.4,129.2,5,12,True,True,132,55,1702384255605,59.494988,24.954578
230019710,0.4,135.6,3,0,True,False,249,28,1699003234660,60.358698,22.093117
256016000,0.0,298.8,5,0,True,False,253,55,1642839174970,59.458283,24.710158
374114000,0.0,360.0,5,0,True,True,212,43,1569589184020,59.457183,24.705137
255620080,0.0,0.0,5,0,False,False,201,52,1630959292264,59.525155,26.544953
276856000,6.4,203.6,11,-127,False,False,205,42,1692264642882,59.467977,24.744567
230985770,0.0,360.0,0,-128,True,True,511,39,1736587899263,61.132123,21.449032
276585000,0.0,52.1,5,0,False,False,187,6,1566295025764,59.823827,22.947058
265568280,9.3,217.3,5,-128,False,True,511,18,1729062318601,63.58191,20.268525
247117300,12.2,276.7,0,-15,True,False,280,52,1630508752705,59.688788,23.889527
304462000,7.7,229.0,0,0,True,True,222,44,1632750706953,59.459317,22.363717
245140000,0.0,284.9,5,-128,False,True,511,43,1722325362797,60.40697,26.252058
255805902,0.0,42.4,5,0,False,False,43,32,1674719133335,59.460732,24.71071
276014320,0.1,332.5,0,0,False,True,165,3,1732293002420,59.451355,24.66946
276002890,0.0,199.6,0,-128,False,False,511,2,1732706342517,59.453047,24.736882
230988040,0.0,0.0,0,-128,True,True,511,5,1671090365671,61.131135,21.448153
230050090,0.7,116.4,0,127,False,False,277,7,1669983546863,60.255205,22.948968
999999991,14.5,226.5,0,-128,False,False,226,33,1719768094562,59.705942,23.670247
230939470,8.4,303.0,0,0,False,False,303,40,1735244680363,60.377308,26.14222
636019607,0.0,296.5,5,0,True,True,213,20,1668620300287,59.461245,24.65208
265695080,0.0,0.0,5,-128,False,False,511,54,1580725135470,63.680713,20.334737
230995040,0.1,360.0,0,-128,True,True,511,50,1730985350993,60.475842,22.022073
276756000,0.1,28.2,15,-128,True,False,511,6,1739349246846,59.498462,24.939277
244227000,0.0,295.9,5,0,False,False,301,21,1737535640578,59.460355,24.656645
265031840,0.1,196.2,0,-128,False,False,511,18,1681647161820,60.192943,21.941987
230111180,0.0,157.0,0,0,True,False,263,13,1739349252878,62.349295,21.21611
230992210,0.0,97.6,0,0,False,False,88,11,1739349250921,62.3494,21.21635
377661000,0.0,133.7,5,-128,True,True,511,49,1655396870903,59.458918,24.7148
314551000,0.0,81.2,5,-128,True,True,511,14,1732353673863,59.4563,24.702467
244830834,0.0,48.3,5,0,False,False,299,11,1739349192131,63.861773,23.037788
304858000,0.1,193.8,5,0,True,False,247,23,1669466124846,59.458058,24.70462
230044267,0.0,0.0,0,-128,False,False,511,2,1595415183997,60.183415,24.9737
230940470,0.0,95.9,0,0,False,False,211,58,1737698217706,61.131892,21.449007
230118650,0.0,13.9,0,12,True,False,329,24,1728741263621,63.827897,23.03609
230980970,0.0,226.3,5,-8,True,False,114,13,1737452473905,60.436887,22.217778
209924000,0.0,331.4,5,0,False,True,146,55,1561605835764,60.416595,26.253413
230018360,0.2,325.3,0,-128,False,False,511,3,1732609262461,60.470425,26.933298
636020693,10.4,75.1,0,3,True,True,71,8,1739349249782,59.904773,26.065272
230149210,0.0,146.1,5,0,True,False,141,1,1734514442682,59.845028,23.249695
229084000,0.1,355.0,1,0,True,False,280,49,1739349109649,59.5153,23.529217
276001840,0.0,27.4,15,-128,False,True,511,12,1739349251306,59.499468,24.814072
230940140,0.0,197.9,3,-128,False,True,511,60,1664328522242,60.214053,25.199578
230168600,0.0,13.6,5,0,False,False,356,22,1658224704245,60.441133,22.219075
230018000,9.0,8.7,0,127,True,False,11,55,1739307595512,59.860583,24.67011
230354000,10.2,80.4,0,127,True,False,87,9,1730908390047,60.44057,22.100765
230038140,0.0,0.0,15,0,True,True,315,24,1737029364722,63.840838,23.02679
230997360,0.0,140.0,5,5,True,False,28,41,1712905541826,60.148495,24.919635
319051700,10.8,69.5,5,-128,False,False,511,60,1659626912728,60.310065,26.411565
276649000,0.1,328.0,5,0,True,False,41,17,1739349142035,59.462873,24.714502
255804890,0.0,319.0,5,0,False,False,319,48,1638861904888,59.502033,25.000883
341881000,0.1,118.0,1,0,True,False,129,16,1684240157607,59.5245,24.518167
230002660,0.0,360.0,0,-128,True,True,511,50,1739182910386,63.090207,21.56655
265191000,0.0,57.8,5,0,False,False,316,50,1671091851982,59.450975,24.67191
249651000,0.1,94.0,15,0,True,True,206,33,1737966455649,59.513172,25.097343
230983250,0.0,360.0,0,0,True,True,197,8,1730639948989,60.43144,22.222763
276810000,0.0,147.0,5,0,True,False,290,57,1739349237692,59.637245,25.0123
230980890,0.0,279.9,0,0,False,False,332,6,1727620385345,60.42965,22.22632
356872000,0.6,341.0,1,0,True,False,286,39,1739349162332,59.820267,25.9197
230051170,0.0,5.6,0,0,False,False,354,10,1730817789726,60.153913,24.771257
256072000,0.1,360.0,5,0,False,False,316,3,1697372823641,59.458975,24.652315
255806445,1.8,134.4,5,0,False,False,275,43,1708195783832,63.64568,21.35027
244989000,0.0,333.6,5,0,False,False,330,28,1727333487899,59.452978,24.662867
230940250,0.0,285.4,5,0,False,True,310,17,1694682437594,60.441547,22.152233
230119280,7.6,68.8,0,-128,True,True,511,50,1713339351313,59.882455,24.156337
636022804,0.7,196.0,1,0,True,False,249,49,1721384871751,59.481833,24.5418
275517000,0.0,9.5,5,0,False,False,312,50,1739349171816,60.014655,23.929577
276700000,0.2,212.1,0,0,False,False,255,11,1739349253023,59.777075,24.500565
276002210,0.0,360.0,0,0,True,True,211,9,1701868389435,59.458367,24.717852
230094210,0.1,179.6,0,-128,False,True,511,49,1733299610128,60.208995,25.187577
215000000,0.0,0.0,5,0,True,False,142,35,1676382037527,60.158642,24.927058
266114000,8.9,246.8,0,0,True,False,247,8,1685906622138,59.402093,21.934018
230033790,0.0,305.2,5,0,False,True,358,12,1725539891934,60.165548,24.953585
230997550,5.9,27.4,0,0,True,False,28,12,1738088053413,60.142278,24.994368
227800900,0.0,360.0,5,-128,True,True,511,46,1683870826574,59.455038,24.719752
230176400,0.0,152.5,5,0,True,False,184,58,1739349245103,59.823823,22.94706
244003000,0.0,1.2,5,0,False,False,358,6,1739349246606,63.716813,22.690658
248216000,0.0,15.0,5,0,False,False,301,33,1571213014922,59.464983,24.6509
230998670,0.0,22.2,5,0,False,False,194,49,1739349168388,60.170692,24.96128
373895000,0.0,192.9,1,0,True,False,291,52,1739349112117,59.879088,26.105343
230005640,1.4,169.8,0,127,False,False,181,42,1736413301917,60.079828,19.935862
230938240,0.0,302.7,5,-128,True,False,511,41,1739349222703,60.218618,22.095118
230202000,0.2,81.1,0,0,True,False,166,5,1739349245757,64.656753,24.407552
229860000,0.0,322.9,5,0,True,False,40,49,1737445491550,59.496617,24.947538
230090460,0.0,0.0,5,-128,True,False,511,11,1608132012977,60.442885,22.152668
219024856,0.1,203.3,15,0,False,False,115,36,1567671517401,60.357152,25.642193
244666000,0.0,359.0,5,0,True,False,223,57,1628583598316,59.45942,24.708527
305210000,0.0,359.0,5,-128,True,False,511,17,1714483938233,59.458027,24.704652
230992150,0.0,360.0,0,-128,True,True,511,33,1727347294258,60.43566,22.23554
230174220,0.0,360.0,5,-128,True,True,511,52,1732124692969,60.44418,22.253272
636023463,0.0,360.0,5,-128,False,False,511,18,1697996658750,59.458995,24.652268
231026000,0.0,201.3,5,0,True,True,347,51,1671275572290,59.450095,24.670125
230941190,0.0,53.0,0,0,True,False,132,24,1727886264020,60.161312,24.92378
219017151,0.0,322.0,5,0,True,False,212,7,1739349126839,59.458383,24.65835
230988090,0.0,182.4,0,-128,True,False,511,4,1739349245103,60.11179,19.924612
325138400,0.0,326.2,5,-128,True,False,511,43,1735635524726,60.443457,22.154563
257086660,0.2,17.0,1,-12,False,False,257,37,1739349217208,60.689302,20.978115
230000000,0.0,351.4,0,0,True,False,75,27,1636633406953,61.138838,21.541485
230940690,0.2,112.5,5,-128,False,False,511,5,1733737684737,60.181625,24.99994
230119270,3.8,46.8,0,-128,True,True,511,55,1670487056148,59.979337,24.212518
230370000,0.0,222.0,5,0,True,False,111,25,1620661225293,60.015,23.917833
265548900,0.1,349.3,15,-128,False,False,511,40,1731428262166,63.86339,20.737307
636019301,12.2,233.1,0,0,True,True,231,38,1705084057334,59.422673,22.265985
231862000,0.0,125.2,5,0,True,False,0,5,1681746672543,59.82383,22.947045
230183940,0.1,303.7,5,-128,False,True,511,45,1719823904935,60.441278,22.158033
276330000,0.0,346.0,12,0,True,False,191,8,1739349250728,59.4533,24.737733
230616000,11.2,187.4,0,-13,True,False,187,31,1732628191597,60.193882,22.291852
265500360,0.0,341.9,5,0,False,False,34,27,1732468347535,60.44147,22.127522
234637000,13.7,252.2,0,0,False,False,252,24,1679942305519,59.635445,23.497008
249945000,10.0,259.0,0,0,True,False,261,40,1567784859721,59.85745,25.053083
230985750,0.0,94.4,0,0,True,False,82,2,1604645822260,60.407142,26.251768
257089650,0.1,24.3,0,0,False,False,328,4,1582265045655,63.8279,23.036112
230175240,0.2,255.0,8,0,False,False,136,34,1696406254826,59.864247,23.23471
230167360,0.0,79.7,0,4,True,False,159,6,1738508947813,59.854162,22.415235
236216000,0.0,0.0,5,0,False,False,212,6,1689837545878,59.460515,24.651212
230063350,0.0,352.4,0,0,False,False,97,49,1731613009397,60.164143,21.710587
374357000,0.1,166.7,1,0,False,False,247,19,1739349140357,59.590452,25.032193
210359000,1.5,124.3,0,0,True,True,125,11,1739349251894,59.491973,24.964435
212153000,0.1,178.0,5,0,True,False,122,3,1733390705403,59.460813,24.655357
265501900,19.5,220.9,0,127,True,False,228,13,1731945855369,63.429028,19.984552
265028970,0.0,360.0,15,0,True,False,124,16,1716281536552,60.422715,26.912452
246330000,0.1,180.5,5,0,True,False,208,57,1623062881388,59.458605,24.659835
235102339,12.0,251.0,0,0,True,False,253,5,1567480207405,59.522233,22.580883
311000658,0.0,360.0,5,0,True,True,345,48,1632214910455,59.450323,24.670083
209547000,0.0,223.0,5,0,True,False,102,60,1666859183522,59.584667,25.701667
232018454,0.0,226.8,5,0,False,False,201,39,1683210162663,59.457355,24.703348
230989440,0.0,122.9,3,0,True,False,219,7,1727689747755,60.453767,22.11827
227999992,11.8,241.8,0,-128,True,True,511,27,1685377767889,59.484542,22.384828
271044519,3.4,261.7,0,0,True,False,260,25,1697321189448,59.614018,22.709958
230985740,0.0,316.8,5,-128,False,True,511,63,1673526274066,59.457887,24.704
236683000,12.2,202.2,0,0,False,False,203,27,1737904886340,59.451658,20.014588
230045250,0.0,194.6,0,0,True,False,214,11,1739349251161,59.782243,21.370548
246815000,0.0,360.0,15,-128,True,True,511,31,1572534931377,60.41638,26.253933
248959000,12.4,252.4,0,4,True,True,254,36,1567784858418,59.739218,24.149867
319097600,0.0,346.6,5,0,False,False,207,29,1567784610298,60.15175,24.92314
230304000,0.9,306.7,3,-13,True,False,118,10,1739349251354,59.823573,24.69416
538008916,8.0,76.6,0,5,True,False,75,3,1739349245854,59.822917,25.361622
538007841,15.2,256.3,0,0,True,False,256,56,1739349249542,59.731955,24.03819
227999998,11.9,189.0,0,-128,True,True,511,58,1685349658494,60.075497,24.96936
230993790,0.0,281.4,5,0,False,False,105,51,1688490711664,59.921772,23.317188
276691000,0.0,31.7,5,-128,True,False,511,57,1660217159436,59.464047,24.647635
511101345,0.0,26.8,1,0,True,False,287,52,1739349233157,59.887368,26.045973
255806444,0.0,271.1,5,0,False,False,66,12,1739349072696,60.437802,26.916148
273298320,10.4,70.5,0,0,True,True,70,7,1739349248861,59.49539,23.158007
227999995,10.9,242.5,0,-128,True,True,511,31,1685378972319,59.463257,22.32107
230997310,13.9,155.7,0,-12,True,True,156,43,1734123224229,60.211595,25.598345
477885500,0.1,329.8,1,0,True,True,270,18,1739349137694,59.834855,25.710833
230998740,0.0,63.5,5,-128,True,False,511,34,1572461794628,60.394067,26.017233
636024600,10.6,255.5,0,0,True,False,256,2,1739349244642,59.939817,25.959745
630001116,13.0,139.3,0,68,True,False,214,59,1735020960853,60.009275,26.29449
230245000,0.0,180.9,5,0,True,False,296,11,1739349253407,60.477582,26.945475
230174300,0.0,304.9,0,0,False,False,133,6,1739349248403,60.507313,21.247605
230942840,0.0,170.5,5,0,True,False,186,23,1739349082725,60.460313,26.963777
247386800,0.0,0.0,5,10,True,True,197,0,1739348940981,60.438497,22.212938
257037270,11.9,346.0,0,0,True,True,346,2,1739349243174,64.790247,21.88246
230941690,0.0,235.3,5,0,False,False,255,12,1734626051617,61.124322,21.454872
246457000,0.0,316.8,5,0,True,False,44,25,1739349207844,60.282787,22.290068
230035990,0.0,315.7,0,0,True,False,74,9,1739349251257,60.290287,20.788458
230678000,0.0,72.0,5,0,True,False,305,51,1739349170971,60.434918,22.205412
230162620,0.0,11.3,0,6,True,False,226,8,1739348349294,60.160538,25.433798
299999999,0.0,339.4,5,0,True,False,194,22,1739349082869,59.441778,24.76755
230175220,0.0,349.9,5,-128,False,False,511,15,1739348955543,60.443433,22.157723
276014670,0.0,336.7,5,0,False,False,3,23,1739349083864,59.45301,24.73706
230060890,0.8,112.8,0,0,True,False,151,7,1739349246990,60.269738,26.462802
230994080,2.2,278.2,5,-128,False,False,511,33,1734355774543,60.444193,22.156738
230086910,0.0,324.4,5,-128,True,True,511,40,1728818439894,60.160772,24.924857
230018240,0.0,112.8,0,0,True,False,71,12,1736240771402,62.349283,21.216478
276015440,0.0,360.0,0,-128,False,False,511,0,1738246021585,59.460212,24.7097
111265584,31.0,317.4,15,-128,False,False,511,57,1739293258226,63.789258,20.288012
230610000,10.0,278.6,0,0,True,False,275,57,1739349238742,60.06307,20.297143
273544433,7.0,71.6,3,10,False,False,68,3,1739349245565,59.572847,23.487152
230987260,0.0,337.2,0,0,True,False,146,1,1739349246558,60.196355,22.261602
230992580,0.0,200.1,0,0,True,False,25,5,1739349246090,60.117563,20.297117
236622000,6.3,252.6,0,0,True,False,255,5,1739349246380,59.639042,23.522835
230052800,0.0,268.8,5,0,False,False,227,8,1734934747388,60.176125,24.962723
230943350,0.0,0.0,0,-128,False,True,511,7,1739349248403,60.4325,22.219632
230282000,0.0,316.4,0,0,False,False,286,9,1739349249198,61.595195,21.483047
230628000,22.5,160.4,0,-7,True,False,160,9,1739349250872,59.597163,24.666598
230302000,2.2,89.4,0,19,True,False,269,10,1739349251846,60.474222,26.961427
236572000,0.0,110.1,5,0,False,False,255,59,1568357460321,59.458618,24.712237
225988521,5.6,40.6,0,-128,True,False,511,19,1719503060750,59.914088,25.033057
273449820,0.0,360.0,0,0,True,False,280,48,1564219488218,60.419865,26.249943
255805917,0.0,71.3,5,0,False,False,68,43,1739349102826,61.600257,21.468627
538005806,11.9,237.9,0,-4,False,False,236,35,1673271154703,59.448558,22.366527
257115000,0.0,198.5,5,0,True,False,232,34,1739348915663,60.083913,24.376053
273413510,11.4,234.0,0,0,False,False,236,4,1739349245103,59.403617,22.327513
245086000,0.0,268.0,5,0,False,False,268,42,1739349223475,61.13153,21.432875
230225000,0.0,333.1,5,0,True,False,38,15,1739349134525,60.438077,22.241053
276779000,2.1,195.9,0,0,True,False,30,6,1739349249053,59.445905,24.773577
230093090,0.0,351.9,15,0,False,True,289,1,1734441602812,60.472635,26.958307
230617000,19.1,143.6,0,-9,True,False,144,12,1739349251306,59.749913,23.035733
255806452,0.0,310.9,5,15,False,False,319,14,1739349133773,60.421837,26.908907
230711000,0.1,73.6,0,127,True,False,43,11,1739349250680,61.126277,21.438088
230112370,0.0,312.5,1,0,False,False,225,25,1739349085784,60.167417,24.980082
230938610,0.0,0.0,5,-128,False,False,511,45,1739349225173,60.443375,22.251653
230012280,0.1,42.7,0,0,True,False,292,23,1734425725339,63.21166,21.14276
276798000,0.0,143.1,5,0,True,True,123,35,1739349096388,59.457808,24.718042
276865000,0.0,326.2,5,0,False,False,347,19,1739347638407,59.45065,24.669857
230928000,0.0,18.4,5,0,False,False,210,59,1739349179281,61.130887,21.447822
230051080,9.5,324.5,0,-127,True,True,319,10,1739349250872,60.013317,22.535345
230710000,0.0,176.2,5,0,False,False,178,24,1739349205406,60.443233,22.218933
230938210,0.0,317.7,5,0,True,False,39,52,1739349114066,60.235403,22.11198
230713000,0.0,303.5,5,0,True,False,304,20,1739349200870,60.164808,24.963497
230992640,0.0,339.1,0,-1,True,False,37,8,1739349249590,60.174522,21.556598
230938490,0.0,45.0,3,-128,False,False,511,5,1739349244738,60.436373,22.21843
230716000,0.0,89.1,5,0,True,True,179,10,1739349130775,60.442648,22.219023
230944110,0.0,31.5,0,0,True,False,313,8,1739349251730,61.13285,21.442013
230046990,0.0,261.1,0,-128,True,True,511,6,1739349245421,59.810157,22.91451
230108610,0.0,306.6,5,0,False,False,354,32,1739349151900,60.167437,24.956347
230938570,0.0,118.3,5,0,False,False,302,5,1739349245103,60.28386,22.292358
230301000,0.0,337.0,5,0,True,False,23,39,1739349100282,60.43396,22.23082
230109460,0.0,250.9,5,0,False,False,8,51,1739349111873,62.358678,21.217415
265692080,0.0,329.5,5,0,False,False,118,45,1734283426193,64.680115,21.243658
276554000,0.0,201.7,5,-128,True,False,511,18,1739349199620,59.444447,24.764807
230025450,0.0,189.7,5,0,False,False,180,31,1739349151038,60.43935,22.2192
230298000,0.0,183.6,5,-128,True,False,511,10,1739349190623,60.169663,24.964985
477996963,0.0,356.0,5,-24,True,False,258,2,1671696721733,59.821618,22.948655
265888000,0.0,126.0,5,8,False,False,178,47,1700444507840,60.443132,22.218795
230059740,0.1,218.4,15,0,True,False,268,29,1727956708361,60.017482,24.347825
230171070,0.2,0.0,0,-128,False,False,511,59,1739346183104,59.4576,24.72535
230992280,0.1,298.4,0,0,True,False,116,13,1739349253263,60.795477,21.39007
266435000,0.0,312.3,5,0,False,False,314,10,1739349131980,60.28334,22.292722
230661000,0.0,7.8,5,0,True,True,241,29,1739349209438,60.169973,24.97454
316015060,0.0,291.9,5,0,True,False,198,40,1739349101912,60.305372,25.551882
276718000,0.0,240.5,0,0,True,False,42,10,1739349251730,60.220838,25.197807
230939360,0.0,214.7,0,0,True,False,59,10,1739349251942,60.43928,21.396777
230138770,0.0,0.0,15,-128,True,True,511,5,1739349245469,61.598425,21.498832
210173000,0.1,343.0,5,0,True,False,108,20,1739349201400,63.843628,23.020402
212573000,0.1,340.8,5,-128,True,False,511,10,1707470655022,60.441862,22.16734
230196000,0.0,233.6,0,-128,False,True,511,34,1723623755286,60.442157,22.167392
276816000,0.0,287.6,5,-128,True,False,511,53,1696504734349,59.497108,24.941848
230985150,0.0,342.0,5,0,False,False,222,9,1739349250193,60.221045,25.198057
230161450,0.0,318.1,0,0,True,False,45,7,1739349248258,60.79641,21.37685
230157730,20.0,144.8,0,127,True,False,144,29,1723017509973,60.119682,20.595302
230961000,0.0,0.0,5,-127,False,False,312,11,1739349251846,61.131375,21.447925
230980760,0.0,144.0,5,-128,False,False,511,30,1734769410183,60.310208,22.364173
230992710,0.0,21.0,0,0,False,False,172,4,1739349244498,60.356343,21.038277
205553000,0.0,0.0,5,0,True,False,112,37,1739349217561,60.014597,23.918973
230666000,0.0,240.5,5,0,True,False,18,6,1739349188823,60.437388,22.212303
276431000,0.0,263.9,5,-5,False,False,28,22,1739256517059,59.457298,24.718603
230063110,4.9,105.5,15,-128,True,True,511,3,1738983604537,59.641858,23.449488
230992970,0.0,218.2,0,0,True,False,284,12,1739349251990,60.474627,26.95131
230091290,1.3,244.3,12,-128,False,False,511,10,1739349251681,60.153213,20.290133
230128800,0.0,360.0,0,-128,True,True,511,11,1739349252182,59.922473,22.413287
230011480,0.0,155.1,0,0,False,False,221,11,1739349251450,60.51587,21.074577
352980787,10.7,253.0,5,0,False,False,255,6,1737151509862,59.539467,22.694
230052810,0.0,155.1,3,0,False,False,155,4,1739349243822,62.943712,21.177762
230667000,0.0,313.5,5,0,True,False,132,20,1739349144148,63.844608,23.018325
245267000,0.0,63.2,5,0,False,False,69,40,1739349162428,61.127325,21.455232
230655000,0.0,342.1,5,0,True,False,10,56,1715755738075,60.104648,19.923643
230914000,0.0,180.8,0,0,True,False,357,5,1739349246235,60.118058,20.296237
230157520,0.0,0.0,0,-128,True,True,511,56,1729776776940,60.443955,22.252715
230178000,0.0,62.8,5,0,True,False,357,19,1739349080003,60.442335,22.219028
230671000,0.0,81.5,5,-5,True,False,132,6,1708148947293,60.219197,25.199915
230279000,0.0,81.0,5,0,True,False,27,46,1739349107395,59.82446,22.947603
230234000,0.0,206.7,5,0,True,False,322,59,1739349239511,60.432167,22.216805
230992690,0.0,179.9,5,0,False,False,193,16,1739349076890,60.44312,22.152815
230044260,0.0,0.0,0,-128,False,False,511,2,1739349243920,60.149113,24.9291
230660000,0.0,304.5,5,0,True,False,198,36,1739349174284,63.84404,23.018963
230145000,0.0,148.8,5,0,True,False,322,3,1739349244498,60.161792,24.90161
230988890,0.0,265.7,15,0,True,False,306,8,1739349249398,63.83837,23.032382
230990880,0.0,146.0,5,0,False,False,326,52,1739349167668,60.432465,22.217815
230108590,0.0,0.1,0,0,True,False,66,6,1739349248813,60.146522,24.992897
230041000,16.1,250.8,0,-14,True,False,249,10,1739349251633,60.178257,21.44875
230992670,0.5,282.1,0,127,True,False,115,10,1739349251209,60.224017,20.414635
230989260,0.0,357.9,5,0,False,False,100,32,1739348972630,60.106973,19.92416
230167080,0.0,239.1,0,0,True,False,327,7,1739349246798,64.222398,23.715832
230275000,0.0,37.2,5,0,True,False,295,17,1739349198146,60.477802,26.945703
230182000,0.0,26.5,5,0,True,False,208,27,1739349209438,59.824133,22.947155
230987160,0.0,8.0,15,-128,False,False,511,12,1739349252783,64.666487,24.40711
230980260,0.1,276.9,0,-128,True,True,511,57,1696401897329,59.45315,24.735828
276504000,0.0,39.4,5,0,True,False,113,52,1739349173704,60.015533,23.915142
230992610,0.0,360.0,0,0,False,True,192,4,1739349244449,60.233433,21.335278
230145760,0.0,227.9,0,0,True,False,102,9,1739349250968,61.595073,21.483853
538010084,10.9,274.5,0,0,True,True,276,10,1739349249830,60.022342,26.64838
230956000,0.0,339.8,5,0,True,False,210,23,1701171564542,60.332673,25.576832
230072700,0.0,356.8,5,-128,False,True,511,55,1739349114594,60.080105,19.934188
230980160,0.0,161.6,5,-2,False,False,354,40,1739348981243,60.101327,19.922853
230035100,0.0,263.7,0,0,False,False,94,46,1738838686089,61.605232,21.458957
230992590,8.6,201.7,0,0,True,False,203,10,1739349252134,59.99234,21.952268
230022910,0.0,326.8,0,0,False,False,341,12,1739349251402,60.236657,22.126392
230151230,0.1,267.0,3,-128,False,False,511,10,1739349251065,60.310913,20.942367
230111650,0.0,327.6,5,-128,False,False,511,9,1739349250632,60.443372,22.253375
230025040,0.0,0.0,3,-128,True,True,511,20,1734691100793,61.132123,21.44913
230987550,6.5,190.6,0,21,True,False,196,11,1739349252975,60.441673,21.400143
230085710,0.0,164.5,0,0,True,False,255,12,1739349253119,59.45885,24.713988
230111560,0.0,360.0,0,-128,False,True,511,31,1733999852160,64.22054,23.716862
230984450,0.0,31.1,0,0,True,False,270,6,1739349246090,60.288128,25.835167
276854000,0.0,0.0,5,-128,True,True,511,19,1739349141793,59.458855,24.714747
230990260,0.0,354.0,5,0,False,False,26,59,1739349118360,60.43544,22.210688
276864000,0.0,168.2,5,0,False,False,175,22,1733486963634,59.447757,24.752463
230109170,0.0,289.1,0,0,False,False,346,10,1739349251306,63.711987,22.688053
230947000,0.0,256.3,0,-4,True,False,179,10,1739349252494,60.31051,25.552263
276342000,0.0,338.2,0,-128,False,False,511,4,1739349244257,59.455772,24.7013
230663000,0.0,35.3,5,0,True,False,123,23,1739349083239,63.084368,21.557518
230355000,0.0,183.4,5,0,True,False,234,53,1739349233932,60.433712,22.230242
230991740,0.0,314.1,5,0,False,False,186,0,1739349123559,60.442493,22.152655
230689000,0.3,188.9,1,16,True,False,280,12,1739349194129,60.023798,25.508167
276702000,0.1,28.4,0,-128,True,False,511,12,1739349252639,59.451782,24.669565
230163320,0.0,303.0,5,0,True,False,56,13,1739348953783,60.196327,22.261165
636018287,0.0,296.0,5,0,True,False,318,13,1677142816274,59.503933,24.99725
304913000,0.0,249.7,5,0,False,False,60,32,1700558491678,59.455465,24.70179
230091080,0.0,7.1,15,0,False,False,16,3,1739349244738,60.105317,24.974178
230697000,0.0,176.0,5,0,True,False,155,22,1739349143284,60.486838,26.945955
230987940,0.0,322.0,5,0,False,False,96,6,1739349246798,60.15576,24.888565
230117660,8.8,280.7,0,127,True,False,280,10,1739349250105,60.366592,21.770773
230931000,0.0,284.0,5,-128,True,False,511,15,1739349075656,60.096383,23.55375
230111080,0.0,174.7,0,0,True,False,274,20,1735733299892,59.901568,23.267057
276588000,0.0,145.1,0,0,False,False,316,46,1702540966478,61.13331,21.440972
276813000,0.0,106.0,0,0,True,False,106,16,1678188257399,60.163217,24.968983
230087600,0.0,48.9,5,0,False,False,229,43,1728223783217,60.176288,24.962515
230944050,0.0,171.4,15,0,True,False,11,53,1728128994879,60.442552,22.153065
230110440,0.0,357.4,0,0,True,False,336,4,1739349246042,59.920828,22.412297
230155950,0.0,28.0,0,7,True,False,190,12,1739349252783,60.442442,22.152445
276851000,0.0,360.0,5,0,True,False,6,11,1739349131634,64.659428,24.415802
276784000,0.0,57.5,5,0,False,False,34,54,1739349114644,59.458473,24.72074
276829000,22.2,179.8,0,-7,True,False,182,9,1739349250776,60.064402,24.90011
230985490,0.0,345.0,0,1,False,False,356,9,1739349249198,60.167287,24.955948
230664000,0.0,285.2,5,0,False,False,10,5,1739349245613,60.441928,22.152383
230169030,4.0,153.5,3,0,True,True,168,11,1739349251402,60.148787,24.934525
230113940,0.0,347.2,0,0,False,False,114,12,1739349253215,60.472693,26.958542
230634000,0.0,310.3,0,0,False,False,310,8,1739349249782,60.1865,21.439318
230286000,0.0,133.6,0,0,True,True,182,12,1739349252783,60.310967,25.552265
276776000,0.0,175.6,0,0,True,False,314,27,1702548163841,61.13315,21.44137
230006760,0.0,89.6,0,0,False,False,344,9,1739349250392,63.711833,22.6882
230938590,0.0,254.8,0,0,False,True,235,6,1739349245517,60.444443,22.253748
230992650,0.0,0.1,5,0,True,False,250,53,1739349173131,59.824948,22.947277
230938660,0.0,312.5,0,0,False,False,356,13,1739349252831,60.270282,22.308373
230091450,0.0,321.3,5,0,False,True,138,50,1739349230080,60.408883,26.259337
230341000,0.0,75.9,5,0,True,False,260,25,1739349206050,60.11717,20.297473
230982010,0.0,70.0,0,0,True,False,296,8,1739349247806,63.211752,21.142348
276014100,0.0,360.0,5,-128,True,True,511,27,1739349147627,59.459113,24.721132
230604000,0.0,0.0,5,7,False,False,42,47,1679069508957,59.461367,24.71165
255919000,0.0,360.0,5,-128,True,True,511,35,1687952315502,59.450402,24.763475
249865000,0.0,74.5,15,-128,True,False,511,33,1678262796189,59.457708,24.70359
230065310,0.0,132.4,0,0,False,False,331,27,1734094286626,64.221085,23.692948
230356000,0.0,332.7,5,0,False,False,28,10,1739349131153,63.081155,21.571223
230155020,0.0,60.2,0,0,True,False,179,23,1724798124183,60.079913,19.934705
230991780,0.0,314.7,5,0,False,False,137,7,1739349248621,61.133457,21.440623
230167440,0.0,39.2,5,-3,True,False,299,21,1739349202487,63.081712,21.569357
244090097,0.0,187.3,5,0,True,True,112,6,1739349247593,60.014163,23.919393
230668000,6.9,212.1,0,0,False,False,215,6,1739349247159,60.23071,22.106582
230953000,0.0,229.6,5,0,True,False,154,46,1739348988029,60.3215,22.347897
230992260,7.1,87.5,5,-127,True,False,90,5,1739349245325,61.138655,21.322108
230111350,0.0,302.4,0,0,True,False,352,7,1739349247159,64.220825,23.71718
230991010,0.0,311.2,15,-128,False,False,511,6,1739349247086,60.436943,22.238727
230686000,0.0,348.4,0,0,True,False,221,7,1739349248162,60.474178,26.95247
230110670,0.0,31.7,5,13,True,False,241,50,1739349114254,60.169703,24.974947
983542156,0.0,360.0,15,-128,True,True,511,15,1689417255432,60.149217,24.920923
636023502,0.4,181.0,1,0,True,False,243,37,1706958938333,59.51505,24.5173
246248000,0.0,84.4,5,-2,False,False,116,28,1688020031956,59.879653,23.22487
230078710,0.1,141.0,5,-128,False,True,511,48,1727611847773,63.107052,21.584432
230981770,20.7,89.7,0,-127,True,False,89,9,1739349248909,59.888338,22.252855
230290000,0.0,54.9,5,0,True,False,242,21,1739349081759,60.169472,24.972673
230099540,0.0,339.9,0,-128,True,False,511,6,1739349247710,60.33108,20.365397
230946000,0.0,283.9,0,0,False,False,179,59,1739349240917,60.311365,25.552328
230938250,0.1,94.0,5,0,True,False,184,18,1727647339370,60.281342,22.2876
230086510,0.0,360.0,3,-128,True,True,511,3,1739349244017,60.07628,20.527122
230174460,6.6,77.4,0,0,True,False,74,10,1739349251533,60.541558,21.324847
230110890,0.0,114.7,8,0,True,False,354,55,1739349236311,60.080515,19.934918
230061040,0.0,0.0,5,-128,True,True,511,18,1739349199764,60.16916,25.009445
276858000,0.0,63.3,0,0,True,False,289,4,1739349245806,60.474503,26.952133
276158000,0.0,360.0,5,0,True,True,212,54,1739349235190,59.458438,24.717135
230157930,0.0,0.0,5,0,True,False,52,44,1738759065868,60.434557,22.232352
230995840,0.0,307.4,0,-128,False,True,511,63,1681890514452,59.45055,24.605448
230108270,0.0,296.0,5,-128,False,False,511,50,1739349230224,60.172102,24.961865
244870000,11.4,11.7,0,0,False,False,10,54,1739349233638,62.417952,19.973413
230995660,0.0,86.1,5,0,True,False,128,56,1739349116147,63.844298,23.01917
230992750,0.0,84.3,5,0,True,False,357,26,1739349147091,60.080427,19.934147
230938560,0.0,263.2,5,-128,False,True,511,57,1739349117360,63.844105,23.019278
230111110,0.0,352.9,5,0,True,False,91,57,1739349176651,59.810117,22.915038
255814000,5.5,321.5,0,-4,True,False,318,7,1739349246846,59.775368,23.013458
210048000,0.2,9.4,1,0,False,False,259,28,1739349149656,60.005833,25.481613
230085750,0.1,332.3,5,0,False,False,312,51,1739349111970,59.457525,24.72501
276005280,0.0,315.2,0,0,False,False,276,5,1739349245325,59.558127,24.794873
230992680,0.0,359.9,0,0,True,False,206,11,1739349252038,60.218897,20.726567
230061400,0.0,348.5,0,-128,False,True,511,8,1739349248258,60.375192,20.088547
230685000,20.7,359.9,0,0,False,False,359,12,1739349252783,59.817595,25.08343
230012710,0.0,186.8,0,-128,False,False,511,58,1735889577356,59.810312,22.913823
230017340,0.0,73.3,0,0,False,False,26,6,1739349246139,60.013455,23.946047
230941090,0.1,334.7,5,0,False,False,268,4,1729939024186,61.343238,21.56079
230212000,0.0,198.6,5,-128,False,False,511,15,1739349077130,63.841962,23.02516
230991880,0.0,290.2,5,0,True,False,18,25,1739349204623,60.170823,24.961295
276077000,0.0,316.7,5,0,True,False,51,30,1671604594230,59.457643,24.662385
230613000,8.7,336.0,0,0,True,False,335,7,1739349248307,64.814857,23.407048
352004893,0.0,252.0,1,18,True,False,287,50,1739349172305,59.868978,26.023413
265725450,0.0,290.7,0,0,False,False,230,29,1739349208525,63.862865,20.739165
230143140,1.2,273.2,0,-128,True,False,511,44,1739337404529,59.456833,24.72655
230995680,0.0,0.0,0,-128,True,True,511,19,1653411559880,60.190052,21.970217
230938960,0.0,301.2,5,0,False,False,163,60,1665474793816,60.406902,26.25197
413260186,0.0,0.0,5,0,False,False,0,5,1705393386069,59.903083,26.157265
304323000,7.3,247.2,0,0,False,False,250,11,1739349249878,59.685347,24.530525
230092050,0.0,360.0,5,0,False,False,155,55,1735219735288,60.013665,23.947768
257834000,0.0,192.7,1,2,True,False,232,15,1737637334894,60.275533,25.54319
636091866,0.0,253.4,5,0,False,False,331,7,1720681927304,59.453077,24.662798
209530000,9.9,229.1,0,0,True,False,230,6,1739349246942,60.28208,26.517182
235012220,0.1,267.0,5,1,True,False,29,60,1655147503145,59.526667,26.545667
230991040,4.1,349.5,0,0,True,False,350,32,1735989573857,60.463597,26.970545
352003746,0.1,359.0,1,0,False,False,277,55,1739349118360,59.850433,25.889017
205208000,12.5,121.8,0,0,True,True,120,7,1713195548021,59.677092,26.377983
538007096,0.1,144.0,1,0,True,False,284,1,1739349183653,59.835067,26.03245
212701000,0.0,313.1,0,0,True,True,329,14,1702385773357,60.412377,26.256833
538004335,9.0,70.8,3,0,True,False,74,40,1720607742257,61.006627,24.177167
265563260,5.3,143.5,0,-127,True,False,141,44,1739304404495,63.622902,20.401677
273390640,0.0,360.0,5,-128,True,True,511,31,1644996932078,59.45765,24.654833
276848000,0.0,290.1,5,0,False,False,222,32,1669720771410,59.462313,24.713272
230981000,0.0,20.2,5,-5,True,False,131,5,1739348946108,60.218832,25.199292
230941940,0.0,328.5,5,6,True,False,189,28,1739349028308,60.171813,24.962402
230639000,0.0,42.0,5,0,True,False,42,14,1739349136729,60.436233,22.218917
636023238,9.0,231.6,0,0,False,False,234,45,1723377105908,59.471203,22.395605
276002240,0.0,360.0,0,0,True,True,15,34,1735222415351,59.63672,25.011878
212359000,0.0,29.1,5,0,True,False,43,40,1715924387629,59.462867,24.714547
276010310,0.0,227.1,5,0,False,False,15,31,1728291213608,59.458447,24.717957
230938050,0.0,120.0,15,-128,True,True,511,9,1730216589475,60.172618,24.965213
230157750,0.0,225.1,5,0,True,False,269,11,1723686312322,61.59403,21.464782
265644670,0.0,360.0,3,-128,True,True,511,53,1724333573851,63.734722,20.536225
230992170,0.0,308.7,5,-128,False,True,511,40,1713422559963,60.433877,22.230658
258858000,13.6,30.3,0,0,False,False,30,9,1739349249926,61.531025,20.228543
230031000,0.0,239.4,0,0,False,False,0,6,1739349245931,60.166192,24.70575
230709000,0.0,97.1,5,2,False,False,40,30,1739349210526,59.49676,24.947787
265653610,6.0,330.2,10,127,True,False,332,41,1711792840349,63.856007,20.772045
636022121,0.1,30.0,1,0,False,False,255,13,1739349135150,59.660317,24.2248
230046600,0.0,360.0,0,0,True,True,170,4,1739349244401,60.11057,19.920383
276636000,0.0,264.5,0,0,False,False,135,7,1739349249005,59.450683,24.6725
275519000,10.8,15.3,0,0,False,False,17,3,1739349244498,62.00767,19.930127
265507630,0.1,344.8,0,-128,True,False,511,45,1739283226772,64.675602,21.286023
265528060,0.0,294.4,5,0,False,False,226,27,1739349206590,63.805123,20.867197
230014910,102.3,360.0,0,0,True,False,117,5,1739349245103,60.16876,24.969827
276432000,0.0,129.0,5,0,True,False,511,50,1739349174380,59.457443,24.718258
210426000,0.0,193.5,5,-128,False,False,511,8,1691758449885,60.433928,22.231087
230055040,0.0,360.0,5,-128,True,True,511,15,1739349135582,60.148952,25.035728
230158730,0.0,355.4,15,0,True,False,324,6,1739349248307,64.224833,23.707773
276835000,0.0,115.6,0,-128,False,False,511,9,1739349250440,59.457602,24.703143
230987390,0.0,256.6,0,0,True,False,165,3,1739349244497,60.185692,21.585662
230981750,0.0,316.6,0,0,True,False,25,13,1739349253167,63.080945,21.571733
230115340,0.0,201.3,15,0,True,False,260,8,1739349247973,61.594137,21.464237
276538000,0.0,0.0,0,-128,False,False,511,3,1739349244353,59.457867,24.706992
230018670,9.9,191.2,0,-128,False,True,511,2,1739349243366,60.796437,21.374557
230358000,0.0,48.5,5,0,True,False,297,43,1739349105694,63.86429,23.026903
276817000,0.1,4.0,5,0,True,False,222,2,1739349183017,59.461083,24.711283
276781000,0.0,0.0,5,0,True,False,34,12,1739349194486,59.457833,24.71994
276260000,0.0,117.0,0,0,False,False,251,11,1739349252350,59.457957,24.708242
230955000,0.0,4.3,5,0,True,False,314,3,1739349183353,60.16103,24.924292
236150000,0.0,227.4,5,0,False,False,42,40,1715327021180,59.462335,24.71351
230012240,0.0,127.5,0,-127,False,False,117,14,1731250993484,60.336212,25.578277
230113760,0.0,11.9,5,0,False,False,164,59,1739349239318,60.172153,24.962087
275437000,0.1,360.0,5,0,True,True,122,42,1683224202912,59.462553,24.64991
230011390,0.0,322.5,0,-128,False,True,511,10,1725041170243,64.216543,23.684367
246507000,0.1,137.3,5,0,True,False,55,37,1739349159296,60.793818,21.337572
230997470,0.0,245.6,0,0,True,True,70,47,1738914407546,61.12652,21.449842
230175270,12.3,63.1,0,-127,True,False,64,47,1728471947493,59.811913,22.339398
230992140,0.0,360.0,0,-128,True,True,511,20,1736248338839,60.430693,22.2226
636023496,0.0,64.1,1,0,True,False,166,24,1708679126005,59.487342,24.524657
477108700,0.0,325.0,1,0,False,False,39,27,1694428889609,59.488867,24.575533
230180000,0.0,140.3,5,0,True,False,2,54,1674131095252,60.092,19.928
247114900,0.0,360.0,5,-128,True,True,511,39,1675675480060,59.45045,24.762548
258020030,0.0,360.0,5,-128,True,True,511,33,1642067314171,60.440447,22.215797
230125910,0.0,114.9,0,0,True,False,24,9,1739349248355,60.1052,24.97451
230939370,0.0,41.8,0,0,True,False,55,11,1739349252735,60.46719,21.693938
276832000,0.0,73.9,5,0,True,False,302,2,1739349126407,59.497632,24.940127
230303000,11.1,77.6,0,0,True,False,77,54,1733840275456,59.917013,22.551178
236153000,0.0,274.7,5,0,False,False,316,13,1683701474403,59.45071,24.672238
276790000,0.0,62.1,15,-128,True,True,511,21,1644591142023,59.499233,24.814172
219076000,0.0,92.1,5,3,True,False,100,58,1739349179858,60.01098,23.960097
230020480,0.0,351.2,0,-9,True,False,27,39,1732340919119,60.406252,26.251582
212356000,0.0,301.9,5,0,False,False,302,35,1733294374301,59.461108,24.65409
276815000,0.0,299.0,5,0,True,False,221,19,1651818200260,59.459952,24.709485
248803000,0.0,6.0,1,0,False,False,298,54,1650277314739,59.4892,24.547167
275304000,0.0,294.8,5,0,False,False,254,2,1739349244546,59.458322,24.710075
230934000,0.0,270.0,5,0,True,False,308,57,1739349177881,61.131223,21.447783
276519000,0.0,155.4,5,8,True,True,224,11,1739349192975,59.444757,24.768517
276805000,0.0,44.7,5,0,True,False,102,30,1739349152236,59.449,24.773905
265004000,0.0,139.3,5,0,True,False,139,57,1739349118408,60.16137,24.959723
212880000,10.5,0.5,0,0,False,False,3,12,1739349252446,63.240663,20.47067
230997150,0.0,212.2,0,0,False,False,22,14,1734000733603,60.337465,25.578173
230110910,0.0,163.6,0,0,True,False,117,30,1734543089946,60.337537,25.578467
230993760,0.0,25.0,0,0,True,False,72,11,1739349250921,60.290055,20.78746
230989410,0.0,306.3,5,-128,False,True,511,34,1733753194205,61.130743,21.447495
230983340,0.0,344.0,5,0,True,False,232,12,1739349192379,60.800935,21.382367
230276000,0.0,339.3,5,0,True,True,302,55,1654598275897,59.497833,24.939497
209992000,0.0,238.3,5,-128,False,False,511,31,1739348972085,59.456365,24.702442
230005600,0.3,311.4,0,0,False,False,338,60,1735595490865,60.430152,21.050312
230957000,0.0,345.2,5,0,True,False,211,2,1697545863646,60.33262,25.57677
230171670,5.7,227.3,0,-128,False,True,511,51,1731060290776,60.470105,26.940478
616877000,0.0,95.5,5,0,True,False,51,21,1696834822283,59.454708,24.662997
276009290,0.1,173.0,0,-128,True,False,511,34,1729950575619,59.611192,25.572803
248863000,0.0,342.8,5,-128,True,False,511,52,1697383074120,59.459105,24.65273
230987380,0.0,350.0,5,-128,True,True,511,18,1739349079492,60.443437,22.154825
249327000,0.0,111.0,5,-7,False,False,31,0,1691128560886,59.456588,24.704418
230011290,0.0,327.9,0,-128,True,False,511,13,1739349252831,63.08139,21.571878
230235000,0.0,184.1,5,-128,False,True,511,49,1730872849226,60.145288,24.983528
533132275,11.5,253.0,0,0,True,False,252,49,1686668331663,59.6615,23.531467
255892000,0.2,206.8,1,-5,False,False,252,13,1739349074935,60.018392,25.493778
230942790,0.0,210.0,5,0,True,False,95,6,1718204645542,60.441198,22.149308
304932000,13.3,261.3,0,-3,False,True,262,12,1739349253167,59.90618,25.675127
273257120,12.0,69.5,0,0,False,False,71,10,1739349250243,59.711795,24.395737
265814500,0.0,182.0,0,-128,True,False,511,57,1739349236407,63.683165,20.334742
230053270,0.0,272.1,3,0,True,True,98,55,1695194455200,60.441135,22.150238
246539000,0.1,349.7,5,0,True,False,299,9,1739349190104,63.862882,23.033103
230056260,0.3,359.7,15,-128,False,False,511,6,1726650491044,60.110047,20.68163
266333000,0.0,319.1,5,-128,True,False,511,51,1739349232566,63.67985,20.342607
230014190,0.1,320.3,0,0,False,False,511,45,1734090765670,60.080098,19.934263
230162930,0.0,252.9,5,0,True,True,182,17,1684747278755,59.453162,24.737158
230943910,0.0,360.0,15,-128,True,True,511,19,1672135099576,60.419883,22.385163
230174140,0.0,301.7,0,0,True,False,299,33,1731589714657,60.43557,22.20507
265039000,0.0,287.3,5,0,False,False,112,13,1739349195159,63.86087,23.033537
314206000,0.0,142.7,5,0,False,False,297,0,1710488040399,59.87945,23.225593
230942800,0.0,334.3,0,-128,False,True,511,45,1732021605044,60.406753,26.251637
477700600,0.0,260.1,5,0,False,False,312,45,1707915226921,59.494473,24.95615
538008151,12.2,89.2,0,0,True,False,89,9,1739349248355,59.843772,25.842897
230111240,0.0,149.8,0,-128,False,False,511,60,1733900686082,63.081067,21.572133
230087590,0.1,360.0,0,-128,True,True,511,7,1729673227866,60.43598,22.236333
273544340,6.7,73.6,2,7,False,False,62,9,1739349249397,59.572727,23.4809
255915595,0.0,201.5,1,0,True,True,77,35,1695030875016,59.515863,24.515958
230128680,12.7,320.2,5,0,True,False,323,29,1734779790398,60.285507,26.40511
230157770,9.2,337.0,0,0,True,False,336,35,1712389416193,60.201585,21.665878
230008800,0.0,194.0,0,0,True,False,171,11,1739349251778,61.594065,21.463807
636092297,0.0,299.5,5,0,True,True,311,6,1739349245661,59.492372,24.960552
256794000,9.7,232.1,0,0,False,False,233,35,1735159114649,59.46205,22.44214
230137040,0.2,155.7,0,0,False,False,156,0,1725437401602,61.608597,21.515547
230046140,0.0,62.7,0,0,True,False,345,9,1739349251402,60.160793,21.691203
230011000,0.0,212.6,0,0,True,False,124,5,1739349246428,63.845298,23.017317
230028460,0.0,360.0,0,0,True,False,274,16,1737372196679,60.376497,21.876253
246554000,0.0,303.7,5,0,True,False,242,49,1739349228863,59.822163,22.952927
276866000,0.0,87.0,0,0,True,True,3,41,1713777161710,60.443263,22.218943
273259730,0.0,264.0,1,-4,True,False,288,24,1739349205406,59.836268,25.99648
237714400,0.0,231.3,5,0,False,False,135,22,1727436323394,60.216318,25.199767
212255000,0.0,334.0,5,0,True,True,331,13,1733722755399,59.453178,24.662777
230941810,0.0,338.9,0,0,True,False,103,17,1734103337826,60.190085,21.970262
230084710,0.0,264.9,0,-128,False,False,511,46,1702976807794,60.121398,22.01833
236265000,0.0,0.1,5,0,True,False,300,12,1707214873695,59.459637,24.658992
636023924,0.1,338.5,5,0,True,False,158,43,1739349171212,61.59919,21.46762
255806289,0.0,231.5,5,0,False,False,221,58,1713349799665,59.46079,24.710902
244850853,0.0,360.0,5,0,True,True,119,21,1720965141372,63.865082,23.023968
276002220,0.0,360.0,0,0,True,True,28,55,1736933996081,59.458533,24.717993
244093000,0.0,1.3,5,0,True,False,41,35,1693046723633,59.46155,24.7121
636091859,0.0,304.1,5,0,False,False,329,5,1718095445369,59.453057,24.662847
276013940,0.0,0.0,5,-128,False,False,511,45,1719633826079,59.454822,24.739257
211211520,11.4,249.4,0,0,True,False,250,7,1714143787667,59.541312,23.893738
305981000,0.0,255.0,5,0,False,False,341,3,1739349182969,60.482948,26.974178
228772000,11.4,247.7,0,-128,True,True,511,50,1714145271124,59.531682,23.797543
518998865,0.0,360.0,1,0,True,True,261,32,1739349152909,60.268675,25.546935
276008120,5.0,114.1,1,-128,True,True,511,7,1721151129372,59.972168,26.486302
276143000,4.2,249.1,0,-5,True,False,250,5,1739349246042,59.67525,24.280308
1193046,0.0,0.0,7,-128,False,False,511,24,1729844005305,60.145988,24.980682
276007070,0.1,360.0,0,-128,True,True,511,44,1722309704702,59.569287,26.303097
244110902,0.0,0.0,5,0,True,False,302,54,1712816515692,59.460753,24.655477
246519000,0.0,119.0,5,0,False,False,119,55,1739340236685,64.67003,21.279793
265530860,8.2,359.9,0,127,False,False,6,34,1733395354089,63.68303,20.328183
230157790,0.0,336.5,0,0,True,False,268,29,1731930990440,60.117737,20.296895
970222267,0.1,49.0,15,-128,False,False,511,32,1730903984479,63.618477,20.786573
210393000,0.0,0.0,5,0,False,False,288,21,1733837422588,59.45922,24.704483
246845000,9.8,12.3,0,0,True,False,13,7,1739349248021,62.703833,20.084362
230119370,0.0,24.4,5,0,True,False,236,51,1727777452305,59.86403,23.234243
244768000,0.0,223.1,5,0,True,False,313,42,1739349222415,59.496607,24.951145
566060000,17.0,70.0,0,0,True,False,70,9,1739349250584,59.605067,23.754833
230111210,0.0,331.0,5,-128,False,True,511,4,1739349183950,64.66672,24.40637
230081290,6.5,246.3,0,0,False,False,248,4,1739349244161,61.111038,21.390042
636022824,0.2,152.5,1,0,False,False,274,7,1739349007150,59.634448,24.162187
256336000,0.0,44.1,5,0,True,False,311,50,1739349111603,59.492363,24.965547
352002808,0.0,221.7,5,0,True,False,311,49,1739349230950,60.42715,26.919432
276005340,0.1,302.8,0,0,True,False,35,11,1739349253263,59.457963,24.717527
230008100,10.1,15.9,0,0,False,False,17,18,1734437359291,60.008663,24.299592
626264000,0.0,306.5,1,-5,True,False,244,35,1735361016721,59.85482,25.869402
276867000,0.0,219.6,5,0,True,False,183,4,1721121126236,60.311092,22.102592
230180470,12.2,325.5,15,-127,True,False,323,12,1739349253407,59.814155,22.94875
230940710,0.1,202.8,0,0,True,False,205,4,1734009124702,61.13229,21.4497
256793000,0.0,50.3,5,0,True,False,345,15,1718606536210,59.450278,24.670073
230997210,4.1,200.7,0,5,False,False,203,12,1732624152553,60.433628,26.959742
230046580,0.0,0.0,0,0,True,True,354,10,1739349250440,60.080655,19.934107
230708000,0.0,349.0,0,0,True,False,277,0,1739349244209,61.595002,21.48442
230936760,0.1,331.8,15,0,False,False,346,13,1730137573185,62.927917,21.180117
636019410,0.1,336.1,1,0,True,False,268,1,1739349184879,59.830257,25.843517
230094240,0.1,275.0,0,0,False,False,212,34,1733217454030,60.18195,25.000185
230703000,15.8,203.2,0,0,True,False,205,9,1739349249974,60.342637,22.074567
276482000,0.0,0.0,5,-128,False,False,511,25,1738463966748,59.458725,24.654317
230673000,0.0,117.0,5,0,False,False,220,55,1739349237082,60.082358,24.375302
230981150,0.0,220.5,5,-128,False,False,511,9,1729598108916,60.145325,24.98369
276871000,0.0,197.2,5,0,True,False,175,33,1729603292949,59.448387,24.75237
276306000,0.0,286.9,5,0,False,False,24,29,1739349150234,59.500002,24.812648
256341000,0.0,240.6,5,-6,False,False,30,26,1722415288014,59.460007,24.650582
244874000,15.7,259.0,0,0,True,False,259,7,1739349248355,59.709252,23.891917
255806470,0.0,317.3,5,0,True,True,42,46,1737552105777,59.498018,24.817025
265628490,0.0,173.7,0,0,False,False,23,16,1730003595372,64.683193,21.214808
265745680,0.0,55.7,15,-128,True,True,511,53,1728461394408,64.68593,21.22114
230183820,0.0,360.0,5,0,True,False,284,6,1739349246187,60.420212,26.248652
229941000,0.0,10.5,5,0,False,False,320,2,1739349242789,64.223673,23.710245
212409000,0.0,104.2,5,-6,True,False,279,59,1739349180929,64.659115,24.41433
231815000,0.0,312.5,5,0,True,False,299,24,1739299106091,64.67035,21.2783
230999999,0.0,14.3,5,0,False,False,86,12,1721895854514,61.124565,21.460162
636019028,0.0,123.2,1,0,False,True,5,34,1721900313783,59.886783,26.109813
566042000,0.0,313.0,5,0,True,False,182,25,1739349206002,59.464017,24.647767
246556000,12.9,218.2,0,0,True,False,220,59,1739349241547,64.831328,23.369925
255946000,0.3,346.4,1,-8,True,True,279,7,1739349186824,60.01564,25.516965
230022010,0.0,337.1,15,0,True,False,159,7,1739349248258,60.20568,25.62383
273418870,0.1,305.1,3,0,True,True,146,12,1739349252591,59.818078,24.697248
352001697,6.2,2.1,0,0,True,False,355,0,1739349248669,59.830515,26.018963
230129940,0.0,251.3,0,0,True,False,60,2,1739349244017,60.215273,20.710433
230994480,102.3,360.0,5,127,False,False,511,16,1734353357682,60.44386,22.157363
209732000,0.0,12.5,5,0,False,False,107,48,1739349169953,63.843253,23.023588
230998680,0.0,360.0,5,-128,True,True,511,0,1726478101243,60.042628,22.668703
230175570,0.0,360.0,0,5,True,True,352,9,1739349249638,60.080313,19.934135
248622000,0.0,232.4,5,-128,False,False,511,34,1726134215826,59.460853,24.651707
229025000,0.0,353.7,5,0,True,False,121,45,1714123574176,59.460377,24.656618
230112360,0.0,0.0,5,0,True,False,246,28,1736241748314,59.442763,24.758275
236522000,0.1,301.5,1,-10,True,True,247,59,1739349179041,60.00912,25.50417
257127140,1.7,151.2,0,0,True,True,334,3,1739349246042,63.716027,22.6892
230083390,0.0,360.0,0,-128,True,True,511,6,1739173446336,60.394692,21.809262
230940340,0.0,197.0,5,0,True,False,119,34,1739349218062,63.844863,23.017755
246452000,0.0,82.4,5,-9,False,False,260,37,1739349156709,61.126527,21.432755
205205000,14.9,275.9,0,12,False,False,275,40,1733127822751,59.667045,24.420877
230014710,10.3,9.1,0,127,False,False,6,20,1734516861498,60.003917,24.300108
230981160,0.0,134.8,5,0,True,False,58,35,1728919535566,61.126088,21.472838
230175040,0.0,245.0,0,0,True,False,41,2,1739349244257,60.194242,21.911948
255802840,0.0,222.1,5,1,True,False,147,58,1739349119371,61.114192,21.445278
230094190,5.4,243.7,0,-128,False,False,511,49,1733296128667,60.167737,25.070048
511101557,0.4,168.0,1,0,True,True,261,40,1739349219625,59.88651,26.079757
219031731,0.1,288.9,5,0,False,False,18,9,1735832950835,60.438303,22.212862
209730000,8.8,193.3,0,0,True,True,193,1,1739349243703,63.10688,20.313953
305184000,0.0,203.8,5,3,True,True,132,55,1739349175054,59.492053,24.961238
246371000,0.0,185.9,5,0,True,False,178,47,1739349169229,64.655755,24.4101
230111090,0.0,342.0,0,0,False,True,213,12,1739349252230,60.461473,26.963212
230937480,0.0,276.8,15,-128,False,True,511,30,1731915569944,60.440323,22.136462
230180500,0.0,201.9,15,0,True,False,160,8,1739349249926,60.205848,25.62371
230153880,21.6,84.3,0,0,True,False,86,8,1739349249590,59.888232,22.304075
257357000,0.0,247.3,5,0,False,False,204,5,1739349127650,60.308017,25.554418
228467900,0.0,36.8,5,0,False,False,139,4,1739349244738,60.213677,25.190332
230698000,0.0,348.5,5,0,True,False,311,58,1739349238550,60.410067,26.258765
230182220,102.3,360.0,5,-12,False,False,511,37,1738747958683,60.443487,22.160755
245097000,0.0,53.4,5,-1,True,False,200,24,1739349084248,59.823017,22.947687
230005000,0.0,230.0,5,0,False,False,220,9,1637000470839,59.495833,24.946333
245909000,0.0,68.1,5,0,False,False,235,49,1739349169029,60.795337,21.341763
275494000,0.0,106.9,5,0,True,False,3,37,1704969459572,59.463465,24.647537
248615000,0.0,344.7,5,0,True,False,331,30,1739174311786,59.45306,24.66294
230007910,0.0,249.6,0,-128,False,True,511,26,1737030506201,60.168927,24.969525
230994810,0.0,360.0,0,-128,True,True,511,17,1731928097984,60.407813,26.253943
230149160,0.0,257.5,0,0,True,False,116,6,1734678367925,60.337508,25.578558
276197000,0.0,188.0,5,0,True,False,29,23,1734531357333,59.457402,24.718427
230024490,0.0,339.1,5,0,True,False,195,56,1739288335849,60.44358,22.15311
257090000,0.0,271.8,5,0,True,False,274,45,1611583367203,60.450982,22.036083
230031001,0.0,315.5,5,-128,False,True,511,2,1607948941483,60.166337,24.705723
230987870,0.0,197.0,5,0,False,False,511,4,1668274086314,60.111787,19.924882
230044550,0.0,360.0,5,-128,True,True,511,51,1693483072174,60.185133,25.025238
230013790,0.1,179.8,0,-128,True,False,511,2,1732017481714,60.472668,26.957778
230111190,0.0,342.9,0,-128,False,True,511,9,1739349249150,64.220742,23.717225
276003580,0.0,199.8,5,-128,True,True,511,54,1739349174621,59.458302,24.720508
230081700,0.0,0.0,0,-128,True,True,511,4,1617800045355,60.192952,21.941612
230939100,0.0,233.7,0,-128,False,True,511,59,1730907838492,60.335797,25.579492
230992510,0.0,198.7,5,-1,True,False,6,6,1738848605480,60.443422,22.15324
276838000,0.2,248.2,0,0,True,True,72,37,1600358138049,59.457915,24.708343
230985210,0.0,321.3,5,-128,True,False,511,48,1732713049268,60.033947,24.356867
375203000,0.0,360.0,5,0,False,False,246,6,1649235726527,59.45797,24.704393
230011270,0.0,287.7,15,0,False,False,33,15,1730449756633,60.336747,25.579405
230990270,0.0,123.6,0,0,False,False,283,10,1631271970100,60.160237,24.928158
230052040,0.0,204.8,5,0,True,True,38,43,1739261322333,63.607262,19.90364
249624000,0.0,31.3,5,0,True,False,321,60,1642225794569,59.454645,24.66721
230025480,0.0,360.0,0,-128,True,True,511,42,1609899403057,61.594233,21.46401
563041800,0.0,198.2,5,0,False,False,289,35,1629715056553,61.126833,21.429333
230006380,0.0,324.8,0,-2,True,False,151,13,1672407193590,59.927393,23.510865
259721000,0.0,56.0,5,-128,True,False,511,1,1670608322290,59.458842,24.658755
255806256,0.0,17.4,5,5,False,False,80,36,1739349218554,61.130192,21.426508
230024660,7.3,77.8,0,0,True,False,78,5,1739349245277,60.170625,24.965925
305559000,0.0,328.5,5,0,True,False,121,53,1620737148290,59.460433,24.656588
230352000,14.8,193.0,0,0,True,False,193,10,1739349251113,62.883167,20.198667
230099950,0.0,108.2,0,-128,False,False,511,21,1734591323070,60.337488,25.578578
236039000,0.0,41.5,5,0,True,False,321,33,1613978914263,60.01485,23.92785
230001,0.1,193.1,0,-128,False,False,511,27,1583396128784,60.419893,22.385317
230994270,0.0,302.6,5,0,True,False,115,2,1733937302257,60.33749,25.578592
230035440,0.0,257.2,0,0,True,True,341,23,1734423263330,63.712,22.688462
230983310,0.0,360.0,0,-128,True,True,511,15,1733847555440,62.347973,21.218047
230948000,0.0,66.5,3,0,True,False,140,0,1655868963046,60.213833,25.201633
230109840,0.0,282.5,0,-128,False,True,511,37,1729863277183,60.389397,25.662083
230672000,0.0,300.4,5,-128,True,False,511,38,1584359320323,59.461767,24.648278
212308000,0.0,234.8,5,0,False,False,334,44,1736676044748,60.454892,22.033568
230107940,0.5,282.0,5,-128,False,False,511,8,1734598627544,60.430673,22.22329
230145770,11.1,234.0,0,127,False,False,237,19,1582813699542,60.415592,26.913973
230636000,0.0,181.6,5,-128,False,False,511,17,1630305197926,63.08839,21.55365
230983050,0.1,155.0,0,0,True,False,135,12,1739349251354,60.436863,22.21762
230017350,0.0,233.3,0,0,False,False,349,1,1734424440949,63.711995,22.688353
230114690,0.0,240.7,0,-128,False,True,511,58,1604380857957,60.337708,25.57873
230941170,0.0,0.0,5,0,True,False,304,11,1736853133921,61.131348,21.447975
265719460,0.0,325.3,0,-128,True,False,511,12,1739349253071,63.681223,20.33377
230025060,0.0,234.6,3,-128,False,True,511,51,1731141590500,60.407178,26.253505
230033880,0.0,231.3,0,0,True,False,10,23,1732004902404,60.337683,25.578772
230093590,0.0,0.0,5,0,False,False,345,50,1739349229886,60.406583,26.251728
230110310,0.0,0.0,0,0,True,False,124,44,1732646623464,60.434965,22.205377
230353000,10.0,0.0,0,0,True,False,0,35,1738084836702,60.080457,22.35215
276297000,0.0,360.0,11,-128,True,True,511,54,1623219055181,59.499753,24.81261
276629000,0.0,0.0,5,-128,False,False,511,8,1739349070008,59.45923,24.702942
276847000,0.0,32.7,5,-1,True,False,193,37,1739349100282,59.497242,24.940387
230986740,0.0,241.0,0,0,True,False,94,48,1734614749872,64.666748,24.406555
230945000,0.0,325.5,1,0,True,False,53,1,1631858342611,60.264087,25.539783
255806250,0.0,259.0,5,5,True,False,21,5,1739349245103,59.524415,26.544317
265314000,0.0,317.1,15,0,False,False,111,5,1739349245565,63.695953,20.346875
246650000,0.0,344.4,5,0,True,True,140,29,1739349088991,60.215873,25.186413
